policy,metric,model_a,model_b,wilcoxon_w,p_raw,mean_paired_difference,median_paired_difference,test_status,p_holm
P1,raw_fidelity,gemma3:1b,gemma3:270m,0.0,0.15729920705028516,-0.1111111111111111,0.0,tested,0.3145984141005703
P1,raw_fidelity,gemma3:1b,llama3.1:8b,,,0.0,0.0,not_testable_all_zero,
P1,raw_fidelity,gemma3:1b,qwen3.5:4b,0.0,0.004677734981047257,-0.4444444444444444,0.0,tested,0.023388674905236283
P1,raw_fidelity,gemma3:270m,llama3.1:8b,0.0,0.15729920705028516,0.1111111111111111,0.0,tested,0.3145984141005703
P1,raw_fidelity,gemma3:270m,qwen3.5:4b,0.0,0.014305878435429615,-0.3333333333333333,0.0,tested,0.042917635306288844
P1,raw_fidelity,llama3.1:8b,qwen3.5:4b,0.0,0.004677734981047257,-0.4444444444444444,0.0,tested,0.023388674905236283
P1,projected_fidelity,gemma3:1b,gemma3:270m,0.0,0.15729920705028516,-0.1111111111111111,0.0,tested,0.3145984141005703
P1,projected_fidelity,gemma3:1b,llama3.1:8b,,,0.0,0.0,not_testable_all_zero,
P1,projected_fidelity,gemma3:1b,qwen3.5:4b,0.0,0.004677734981047257,-0.4444444444444444,0.0,tested,0.023388674905236283
P1,projected_fidelity,gemma3:270m,llama3.1:8b,0.0,0.15729920705028516,0.1111111111111111,0.0,tested,0.3145984141005703
P1,projected_fidelity,gemma3:270m,qwen3.5:4b,0.0,0.014305878435429615,-0.3333333333333333,0.0,tested,0.042917635306288844
P1,projected_fidelity,llama3.1:8b,qwen3.5:4b,0.0,0.004677734981047257,-0.4444444444444444,0.0,tested,0.023388674905236283
P1,top3_overlap,gemma3:1b,gemma3:270m,11.0,0.00924950253258345,0.24074074074074073,0.16666666666666666,tested,0.046247512662917246
P1,top3_overlap,gemma3:1b,llama3.1:8b,,,0.0,0.0,not_testable_all_zero,
P1,top3_overlap,gemma3:1b,qwen3.5:4b,51.0,0.9401399804128658,0.018518518518518507,0.0,tested,1.0
P1,top3_overlap,gemma3:270m,llama3.1:8b,11.0,0.00924950253258345,-0.24074074074074073,-0.16666666666666666,tested,0.046247512662917246
P1,top3_overlap,gemma3:270m,qwen3.5:4b,11.5,0.009938828804581735,-0.2222222222222222,-0.16666666666666666,tested,0.046247512662917246
P1,top3_overlap,llama3.1:8b,qwen3.5:4b,51.0,0.9401399804128658,0.018518518518518507,0.0,tested,1.0
P1,allocation_l1_to_reference,gemma3:1b,gemma3:270m,49.0,0.11870574951171875,0.09690274776783621,0.05817172609695842,tested,0.35611724853515625
P1,allocation_l1_to_reference,gemma3:1b,llama3.1:8b,64.0,0.3692169189453125,0.04477567060153779,0.028564862986424022,tested,0.738433837890625
P1,allocation_l1_to_reference,gemma3:1b,qwen3.5:4b,4.0,5.340576171875e-05,0.25372425275934907,0.26715718025209867,tested,0.0003204345703125
P1,allocation_l1_to_reference,gemma3:270m,llama3.1:8b,68.0,0.4458738294964082,-0.05212707716629843,-0.03685503685503666,tested,0.738433837890625
P1,allocation_l1_to_reference,gemma3:270m,qwen3.5:4b,29.0,0.013859407821455456,0.15682150499151284,0.09307925287337215,tested,0.055437631285821826
P1,allocation_l1_to_reference,llama3.1:8b,qwen3.5:4b,18.0,0.00193023681640625,0.2089485821578113,0.14652688748492781,tested,0.00965118408203125
P1,ew_l1_distance,gemma3:1b,gemma3:270m,12.0,0.0005340576171875,0.40598328494982117,0.2835118314362828,tested,0.0026702880859375
P1,ew_l1_distance,gemma3:1b,llama3.1:8b,43.0,0.06653594970703125,-0.09042346266504045,-0.14536200644023822,tested,0.1330718994140625
P1,ew_l1_distance,gemma3:1b,qwen3.5:4b,35.0,0.02684783935546875,0.2820630294784388,0.3314283252177948,tested,0.08054351806640625
P1,ew_l1_distance,gemma3:270m,llama3.1:8b,2.0,0.00027411148621144974,-0.4964067476148617,-0.5109554444355076,tested,0.0016446689172686985
P1,ew_l1_distance,gemma3:270m,qwen3.5:4b,65.0,0.37191707936934015,-0.12392025547138245,-0.18511936309325655,tested,0.37191707936934015
P1,ew_l1_distance,llama3.1:8b,qwen3.5:4b,26.0,0.0076904296875,0.37248649214347923,0.35981764229946,tested,0.03076171875
P2,top3_overlap,gemma3:1b,gemma3:270m,39.0,0.13166801602281414,-0.0925925925925926,0.0,tested,0.2633360320456283
P2,top3_overlap,gemma3:1b,llama3.1:8b,,,0.0,0.0,not_testable_all_zero,
P2,top3_overlap,gemma3:1b,qwen3.5:4b,0.0,3.737981840170154e-05,-0.31481481481481477,-0.3333333333333333,tested,0.0001868990920085077
P2,top3_overlap,gemma3:270m,llama3.1:8b,39.0,0.13166801602281414,0.0925925925925926,0.0,tested,0.2633360320456283
P2,top3_overlap,gemma3:270m,qwen3.5:4b,11.5,0.006237007458873189,-0.2222222222222222,-0.3333333333333333,tested,0.018711022376619566
P2,top3_overlap,llama3.1:8b,qwen3.5:4b,0.0,3.737981840170154e-05,-0.31481481481481477,-0.3333333333333333,tested,0.0001868990920085077
P2,allocation_l1_to_reference,gemma3:1b,gemma3:270m,8.0,0.0007270752579623851,0.19843822091757202,0.2547841170988998,tested,0.0029083010318495402
P2,allocation_l1_to_reference,gemma3:1b,llama3.1:8b,40.0,0.0474516887616339,0.10689344242564996,0.09712517634131701,tested,0.0949033775232678
P2,allocation_l1_to_reference,gemma3:1b,qwen3.5:4b,0.0,0.00018174229492267228,0.3107363211993749,0.312023304296568,tested,0.0010904537695360338
P2,allocation_l1_to_reference,gemma3:270m,llama3.1:8b,42.0,0.05810700779735481,-0.0915447784919221,-0.03685503685503666,tested,0.0949033775232678
P2,allocation_l1_to_reference,gemma3:270m,qwen3.5:4b,29.0,0.013645997678775158,0.11229810028180287,0.08038129366031532,tested,0.040937993036325476
P2,allocation_l1_to_reference,llama3.1:8b,qwen3.5:4b,1.0,0.0002300534345143638,0.20384287877372498,0.26098910944534437,tested,0.001150267172571819
P2,ew_l1_distance,gemma3:1b,gemma3:270m,1.0,0.00022926442445494227,0.535124872219049,0.4482275654500741,tested,0.0010904537695360338
P2,ew_l1_distance,gemma3:1b,llama3.1:8b,74.0,0.6163659930557868,-0.03554619817967772,-0.015872959161924438,tested,0.6163659930557868
P2,ew_l1_distance,gemma3:1b,qwen3.5:4b,0.0,0.00018174229492267228,0.6968512689181147,0.7029247016999155,tested,0.0010904537695360338
P2,ew_l1_distance,gemma3:270m,llama3.1:8b,1.0,0.00023243237461975812,-0.5706710703987268,-0.5574068611299969,tested,0.0010904537695360338
P2,ew_l1_distance,gemma3:270m,qwen3.5:4b,42.0,0.05757133578815882,0.16172639669906577,0.2807668951724184,tested,0.11514267157631763
P2,ew_l1_distance,llama3.1:8b,qwen3.5:4b,0.0,0.0001940423988164018,0.7323974670977925,0.729304875328014,tested,0.0010904537695360338
P3,top3_overlap,gemma3:1b,gemma3:270m,23.5,0.014971821376078137,0.24074074074074073,0.3333333333333333,tested,0.05988728550431255
P3,top3_overlap,gemma3:1b,llama3.1:8b,17.5,1.0,0.0,0.0,tested,1.0
P3,top3_overlap,gemma3:1b,qwen3.5:4b,32.5,0.6760959080319668,-9.25185853854297e-18,0.0,tested,1.0
P3,top3_overlap,gemma3:270m,llama3.1:8b,14.0,0.009145213494583583,-0.24074074074074073,-0.3333333333333333,tested,0.045726067472917915
P3,top3_overlap,gemma3:270m,qwen3.5:4b,11.5,0.00625721628842956,-0.24074074074074073,-0.3333333333333333,tested,0.03754329773057736
P3,top3_overlap,llama3.1:8b,qwen3.5:4b,31.0,0.9036988601649576,-6.1679056923619804e-18,0.0,tested,1.0
P3,allocation_l1_to_reference,gemma3:1b,gemma3:270m,5.0,7.62939453125e-05,0.22052512812830113,0.24626834212353188,tested,0.0003814697265625
P3,allocation_l1_to_reference,gemma3:1b,llama3.1:8b,23.0,0.0047454833984375,0.1653975936650406,0.2127133836811258,tested,0.0142364501953125
P3,allocation_l1_to_reference,gemma3:1b,qwen3.5:4b,1.0,1.52587890625e-05,0.296582160239132,0.30966914541940116,tested,9.1552734375e-05
P3,allocation_l1_to_reference,gemma3:270m,llama3.1:8b,61.0,0.30379486083984375,-0.05512753446326058,-0.04388206388206384,tested,0.30379486083984375
P3,allocation_l1_to_reference,gemma3:270m,qwen3.5:4b,52.0,0.1443920169989066,0.0760570321108308,0.012280725285161442,tested,0.2887840339978132
P3,allocation_l1_to_reference,llama3.1:8b,qwen3.5:4b,16.0,0.00128936767578125,0.1311845665740914,0.050747487421978654,tested,0.005157470703125
P3,ew_l1_distance,gemma3:1b,gemma3:270m,4.0,0.00038556082804268104,0.5132839110935905,0.419735719397773,tested,0.0015422433121707242
P3,ew_l1_distance,gemma3:1b,llama3.1:8b,59.0,0.2645263671875,0.07235248268971756,0.09705139873852603,tested,0.2645263671875
P3,ew_l1_distance,gemma3:1b,qwen3.5:4b,0.0,0.00019609335453373022,0.707558920369467,0.7107698494766975,tested,0.0011765601272023813
P3,ew_l1_distance,gemma3:270m,llama3.1:8b,10.0,0.0010074365294500856,-0.44093142840387295,-0.4114344811512039,tested,0.0030223095883502565
P3,ew_l1_distance,gemma3:270m,qwen3.5:4b,41.0,0.05251225006808179,0.19427500927587651,0.36058373873715377,tested,0.10502450013616357
P3,ew_l1_distance,llama3.1:8b,qwen3.5:4b,2.0,0.00027595416369927014,0.6352064376797494,0.6808003653598953,tested,0.0013797708184963508
P5,top3_overlap,gemma3:1b,gemma3:270m,12.0,0.01036420469780056,-0.20370370370370366,-0.16666666666666666,tested,0.051821023489002804
P5,top3_overlap,gemma3:1b,llama3.1:8b,0.0,0.15746860409931085,-0.05555555555555555,0.0,tested,0.3149372081986217
P5,top3_overlap,gemma3:1b,qwen3.5:4b,0.0,0.0029475669194870447,-0.1851851851851852,-0.16666666666666666,tested,0.01768540151692227
P5,top3_overlap,gemma3:270m,llama3.1:8b,25.0,0.07359835838070179,0.14814814814814814,0.0,tested,0.2207950751421054
P5,top3_overlap,gemma3:270m,qwen3.5:4b,74.0,0.9640954216221704,0.018518518518518504,0.0,tested,0.9640954216221704
P5,top3_overlap,llama3.1:8b,qwen3.5:4b,25.0,0.048918329921728704,-0.12962962962962965,0.0,tested,0.19567331968691482
P5,allocation_l1_to_reference,gemma3:1b,gemma3:270m,19.0,0.0023345947265625,0.23531577991991107,0.21954299214567724,tested,0.0116729736328125
P5,allocation_l1_to_reference,gemma3:1b,llama3.1:8b,22.0,0.00400543212890625,0.17912852919426087,0.1034426047057147,tested,0.016021728515625
P5,allocation_l1_to_reference,gemma3:1b,qwen3.5:4b,6.0,0.0001068115234375,0.24815564603937007,0.24591272576470613,tested,0.000640869140625
P5,allocation_l1_to_reference,gemma3:270m,llama3.1:8b,57.0,0.22875213623046875,-0.056187250725650194,-0.11122516158119394,tested,0.6862564086914062
P5,allocation_l1_to_reference,gemma3:270m,qwen3.5:4b,79.0,0.7987060546875,0.012839866119459007,-0.01596815237395255,tested,1.0
P5,allocation_l1_to_reference,llama3.1:8b,qwen3.5:4b,71.0,0.550872802734375,0.06902711684510919,0.004245754207793162,tested,1.0
P5,ew_l1_distance,gemma3:1b,gemma3:270m,76.0,0.6790371143852009,0.024013030845327837,0.09209183915014202,tested,1.0
P5,ew_l1_distance,gemma3:1b,llama3.1:8b,64.0,0.3692169189453125,0.06845270870515935,0.0011752707721190414,tested,1.0
P5,ew_l1_distance,gemma3:1b,qwen3.5:4b,1.0,1.52587890625e-05,0.3372547654906212,0.3705234721329476,tested,9.1552734375e-05
P5,ew_l1_distance,gemma3:270m,llama3.1:8b,78.0,0.7660293579101562,0.04443967785983153,-0.033259960635884045,tested,1.0
P5,ew_l1_distance,gemma3:270m,qwen3.5:4b,22.0,0.00400543212890625,0.31324173464529337,0.3116360189455258,tested,0.016021728515625
P5,ew_l1_distance,llama3.1:8b,qwen3.5:4b,20.0,0.0028076171875,0.2688020567854619,0.33300624667736406,tested,0.0140380859375
P6,allocation_l1_to_reference,gemma3:1b,gemma3:270m,75.0,0.6705245971679688,-0.058256082225905864,0.0023277587830695667,tested,1.0
P6,allocation_l1_to_reference,gemma3:1b,llama3.1:8b,35.0,0.02684783935546875,0.18560770219038947,0.16513222129182953,tested,0.08054351806640625
P6,allocation_l1_to_reference,gemma3:1b,qwen3.5:4b,27.0,0.00896453857421875,0.22358800780809135,0.22110040683419996,tested,0.035858154296875
P6,allocation_l1_to_reference,gemma3:270m,llama3.1:8b,3.0,3.814697265625e-05,0.24386378441629533,0.1903802108703599,tested,0.0002288818359375
P6,allocation_l1_to_reference,gemma3:270m,qwen3.5:4b,10.0,0.00032806396484375,0.2818440900339973,0.28733629561919555,tested,0.00164031982421875
P6,allocation_l1_to_reference,llama3.1:8b,qwen3.5:4b,71.0,0.550872802734375,0.03798030561770189,0.03134386779350884,tested,1.0
P6,ew_l1_distance,gemma3:1b,gemma3:270m,31.0,0.018658876813726813,0.22992012750243074,0.09965219999025882,tested,0.09329438406863406
P6,ew_l1_distance,gemma3:1b,llama3.1:8b,59.0,0.2645263671875,0.010718584190601264,0.09414198378738381,tested,0.529052734375
P6,ew_l1_distance,gemma3:1b,qwen3.5:4b,34.0,0.02367401123046875,0.25890725866265774,0.3489655296861721,tested,0.094696044921875
P6,ew_l1_distance,gemma3:270m,llama3.1:8b,41.0,0.05385589599609375,-0.21920154331182948,-0.07850489625391488,tested,0.16156768798828125
P6,ew_l1_distance,gemma3:270m,qwen3.5:4b,79.0,0.7987060546875,0.028987131160226998,0.20872133189682063,tested,0.7987060546875
P6,ew_l1_distance,llama3.1:8b,qwen3.5:4b,6.0,0.0001068115234375,0.24818867447205653,0.16104030901632116,tested,0.000640869140625
