policy,metric,model,n,mean,sd,median,ci_low,ci_high
P1,raw_fidelity,gemma3:1b,18,0.0,0.0,0.0,0.0,0.0
P1,raw_fidelity,gemma3:270m,18,0.1111111111111111,0.32338083338177726,0.0,0.0,0.2777777777777778
P1,raw_fidelity,llama3.1:8b,18,0.0,0.0,0.0,0.0,0.0
P1,raw_fidelity,qwen3.5:4b,18,0.4444444444444444,0.5113099925649136,0.0,0.2222222222222222,0.6666666666666666
P1,projected_fidelity,gemma3:1b,18,0.0,0.0,0.0,0.0,0.0
P1,projected_fidelity,gemma3:270m,18,0.1111111111111111,0.32338083338177726,0.0,0.0,0.2777777777777778
P1,projected_fidelity,llama3.1:8b,18,0.0,0.0,0.0,0.0,0.0
P1,projected_fidelity,qwen3.5:4b,18,0.4444444444444444,0.5113099925649136,0.0,0.2222222222222222,0.6666666666666666
P1,top3_overlap,gemma3:1b,18,0.648148148148148,0.07856742013183861,0.6666666666666666,0.611111111111111,0.6666666666666665
P1,top3_overlap,gemma3:270m,18,0.40740740740740733,0.2927345840073031,0.5,0.2777777777777778,0.5370370370370369
P1,top3_overlap,llama3.1:8b,18,0.648148148148148,0.07856742013183861,0.6666666666666666,0.611111111111111,0.6666666666666665
P1,top3_overlap,qwen3.5:4b,18,0.6296296296296295,0.22546651386484107,0.6666666666666666,0.5370370370370369,0.7222222222222222
P1,allocation_l1_to_reference,gemma3:1b,18,1.3081779427414477,0.1481856279126422,1.3297511149474892,1.2410121358027533,1.3729480955550155
P1,allocation_l1_to_reference,gemma3:270m,18,1.2112751949736118,0.1355286171788332,1.1736318059684003,1.1508833244339283,1.2727862020361034
P1,allocation_l1_to_reference,llama3.1:8b,18,1.2634022721399103,0.13737511364770816,1.2316139385602933,1.2056686682184836,1.3261599182558694
P1,allocation_l1_to_reference,qwen3.5:4b,18,1.0544536899820989,0.1992601518334944,1.1210755351099495,0.9599122243710855,1.1327749179090683
P1,projection_l1,gemma3:1b,18,1.4399409519688038e-16,1.175399047364763e-16,9.454242944073599e-17,9.518752973336487e-17,2.007481637519848e-16
P1,projection_l1,gemma3:270m,18,1.4359655440030112e-16,1.1917931344974778e-16,1.0842021724854633e-16,8.872026377448806e-17,1.9655681885351732e-16
P1,projection_l1,llama3.1:8b,18,2.562090200491273e-16,1.133173149491076e-16,2.3071822230491534e-16,2.0738498688394555e-16,3.0797244577082765e-16
P1,projection_l1,qwen3.5:4b,18,1.9477089694161333e-16,1.251536008665317e-16,1.4745149545802762e-16,1.3867789054445006e-16,2.471764112832419e-16
P1,ew_l1_distance,gemma3:1b,18,0.9988639742496025,0.10416055572643644,0.9915317019348229,0.9493845599291947,1.0442074280627633
P1,ew_l1_distance,gemma3:270m,18,0.5928806892997813,0.4190238316054722,0.6548003490779424,0.39535949333009873,0.7772916064188317
P1,ew_l1_distance,llama3.1:8b,18,1.089287436914643,0.21450208109171545,1.1582183301372466,0.9910645817681372,1.1799763771300904
P1,ew_l1_distance,qwen3.5:4b,18,0.7168009447711639,0.4538483304044625,0.6837654436350338,0.5220295917936572,0.9184821987995919
P2,raw_fidelity,gemma3:1b,18,0.0,0.0,0.0,0.0,0.0
P2,raw_fidelity,gemma3:270m,18,0.0,0.0,0.0,0.0,0.0
P2,raw_fidelity,llama3.1:8b,18,0.0,0.0,0.0,0.0,0.0
P2,raw_fidelity,qwen3.5:4b,18,0.0,0.0,0.0,0.0,0.0
P2,projected_fidelity,gemma3:1b,18,0.0,0.0,0.0,0.0,0.0
P2,projected_fidelity,gemma3:270m,18,0.0,0.0,0.0,0.0,0.0
P2,projected_fidelity,llama3.1:8b,18,0.0,0.0,0.0,0.0,0.0
P2,projected_fidelity,qwen3.5:4b,18,0.0,0.0,0.0,0.0,0.0
P2,top3_overlap,gemma3:1b,18,0.33333333333333326,5.712050337475533e-17,0.3333333333333333,0.33333333333333326,0.33333333333333326
P2,top3_overlap,gemma3:270m,18,0.4259259259259259,0.250634633840706,0.3333333333333333,0.31481481481481477,0.5370370370370369
P2,top3_overlap,llama3.1:8b,18,0.33333333333333326,5.712050337475533e-17,0.3333333333333333,0.33333333333333326,0.33333333333333326
P2,top3_overlap,qwen3.5:4b,18,0.648148148148148,0.07856742013183861,0.6666666666666666,0.611111111111111,0.6666666666666665
P2,allocation_l1_to_reference,gemma3:1b,18,1.4346881565008558,0.07817381915644588,1.4345039244516062,1.39586937280747,1.4621955025706332
P2,allocation_l1_to_reference,gemma3:270m,18,1.2362499355832837,0.1329816417767409,1.2028619138153536,1.1794393787730066,1.2955554707119248
P2,allocation_l1_to_reference,llama3.1:8b,18,1.327794714075206,0.1634586233321319,1.3834697296003826,1.2527725981756315,1.3967826826474854
P2,allocation_l1_to_reference,qwen3.5:4b,18,1.1239518353014808,0.00624183723980348,1.1224806201550384,1.1224806201550384,1.1268942655943661
P2,projection_l1,gemma3:1b,18,9.633738637073976e-17,1.0200251171137894e-16,8.153200337090992e-17,5.635381725309517e-17,1.439401862555262e-16
P2,projection_l1,gemma3:270m,18,1.9883063174303499e-16,1.19501994473904e-16,2.1293730667615199e-16,1.449313277415369e-16,2.507994535429673e-16
P2,projection_l1,llama3.1:8b,18,1.4160885041741227e-16,7.246885685238441e-17,1.214306433183765e-16,1.1033443641752763e-16,1.7423490312566215e-16
P2,projection_l1,qwen3.5:4b,18,3.779769707100576e-16,1.390186031126259e-17,3.747002708109903e-16,3.747002708109903e-16,3.8453037050819217e-16
P2,ew_l1_distance,gemma3:1b,18,0.9811712261363978,0.08156234719339203,0.9841086340466386,0.9405163509419181,1.0091719378042565
P2,ew_l1_distance,gemma3:270m,18,0.4460463539173489,0.38129183644208503,0.5619508275191416,0.2656392523815687,0.6153651940507381
P2,ew_l1_distance,llama3.1:8b,18,1.0167174243160757,0.20798736537381432,1.0104888076747371,0.9280410008022877,1.1112617826554518
P2,ew_l1_distance,qwen3.5:4b,18,0.28431995721828307,0.013305026715898212,0.2811839323467232,0.2811839323467231,0.29059200696140297
P3,raw_fidelity,gemma3:1b,18,0.0,0.0,0.0,0.0,0.0
P3,raw_fidelity,gemma3:270m,18,0.05555555555555555,0.23570226039551584,0.0,0.0,0.16666666666666666
P3,raw_fidelity,llama3.1:8b,18,0.0,0.0,0.0,0.0,0.0
P3,raw_fidelity,qwen3.5:4b,18,0.05555555555555555,0.23570226039551584,0.0,0.0,0.16666666666666666
P3,projected_fidelity,gemma3:1b,18,0.0,0.0,0.0,0.0,0.0
P3,projected_fidelity,gemma3:270m,18,0.05555555555555555,0.23570226039551584,0.0,0.0,0.16666666666666666
P3,projected_fidelity,llama3.1:8b,18,0.0,0.0,0.0,0.0,0.0
P3,projected_fidelity,qwen3.5:4b,18,0.05555555555555555,0.23570226039551584,0.0,0.0,0.16666666666666666
P3,top3_overlap,gemma3:1b,18,0.5925925925925924,0.14259754398216617,0.6666666666666666,0.5185185185185186,0.648148148148148
P3,top3_overlap,gemma3:270m,18,0.35185185185185186,0.29086803202688405,0.3333333333333333,0.24027777777777778,0.48148148148148145
P3,top3_overlap,llama3.1:8b,18,0.5925925925925924,0.14259754398216617,0.6666666666666666,0.5185185185185186,0.648148148148148
P3,top3_overlap,qwen3.5:4b,18,0.5925925925925926,0.24402816604698654,0.6666666666666666,0.48148148148148145,0.7037037037037036
P3,allocation_l1_to_reference,gemma3:1b,18,1.4251714774762603,0.10707989428665811,1.4321044546850996,1.3730742331627193,1.470370478144905
P3,allocation_l1_to_reference,gemma3:270m,18,1.2046463493479596,0.1383399258179235,1.1345699066945363,1.1468971487839024,1.2686087642610933
P3,allocation_l1_to_reference,llama3.1:8b,18,1.2597738838112198,0.16225782216018741,1.1619047619047618,1.1926515921767857,1.333134893685627
P3,allocation_l1_to_reference,qwen3.5:4b,18,1.1285893172371284,0.021399858964652442,1.122480620155038,1.119435968220858,1.138504249602642
P3,projection_l1,gemma3:1b,18,1.4531923118547259e-16,1.3017406140535904e-16,8.153200337090992e-17,9.200027651352685e-17,2.0524097708785526e-16
P3,projection_l1,gemma3:270m,18,1.7220744506311275e-16,1.2913623505103045e-16,1.2771901591878606e-16,1.1444386381851662e-16,2.3279206012706267e-16
P3,projection_l1,llama3.1:8b,18,0.04648416532474518,0.18825108267549628,1.8540534775859927e-16,1.3800630635501343e-16,0.13741277509393465
P3,projection_l1,qwen3.5:4b,18,2.2589954598275756e-16,1.613633548111402e-16,2.914335439641036e-16,1.5091612373366006e-16,2.943295684337204e-16
P3,ew_l1_distance,gemma3:1b,18,1.0262288050265447,0.09936043341386934,0.9920529607359276,0.9907842333624003,1.0746196966095245
P3,ew_l1_distance,gemma3:270m,18,0.5129448939329543,0.4004507984178459,0.6408223344162197,0.3334353755356348,0.6927772260588628
P3,ew_l1_distance,llama3.1:8b,18,0.9538763223368273,0.2218524184600013,0.9610389610389612,0.8559249980212084,1.0546079424413406
P3,ew_l1_distance,qwen3.5:4b,18,0.3186698846570778,0.1592069590571028,0.2811839323467232,0.2563299713773758,0.4010475227847412
P4,raw_fidelity,gemma3:1b,18,1.0,0.0,1.0,1.0,1.0
P4,raw_fidelity,gemma3:270m,18,1.0,0.0,1.0,1.0,1.0
P4,raw_fidelity,llama3.1:8b,18,1.0,0.0,1.0,1.0,1.0
P4,raw_fidelity,qwen3.5:4b,18,1.0,0.0,1.0,1.0,1.0
P4,projected_fidelity,gemma3:1b,18,1.0,0.0,1.0,1.0,1.0
P4,projected_fidelity,gemma3:270m,18,1.0,0.0,1.0,1.0,1.0
P4,projected_fidelity,llama3.1:8b,18,1.0,0.0,1.0,1.0,1.0
P4,projected_fidelity,qwen3.5:4b,18,1.0,0.0,1.0,1.0,1.0
P4,top3_overlap,gemma3:1b,18,1.0,0.0,1.0,1.0,1.0
P4,top3_overlap,gemma3:270m,18,1.0,0.0,1.0,1.0,1.0
P4,top3_overlap,llama3.1:8b,18,1.0,0.0,1.0,1.0,1.0
P4,top3_overlap,qwen3.5:4b,18,1.0,0.0,1.0,1.0,1.0
P4,allocation_l1_to_reference,gemma3:1b,18,0.0,0.0,0.0,0.0,0.0
P4,allocation_l1_to_reference,gemma3:270m,18,0.0,0.0,0.0,0.0,0.0
P4,allocation_l1_to_reference,llama3.1:8b,18,0.0,0.0,0.0,0.0,0.0
P4,allocation_l1_to_reference,qwen3.5:4b,18,0.0,0.0,0.0,0.0,0.0
P4,projection_l1,gemma3:1b,18,3.05311331771918e-16,0.0,3.05311331771918e-16,3.05311331771918e-16,3.05311331771918e-16
P4,projection_l1,gemma3:270m,18,3.05311331771918e-16,0.0,3.05311331771918e-16,3.05311331771918e-16,3.05311331771918e-16
P4,projection_l1,llama3.1:8b,18,3.05311331771918e-16,0.0,3.05311331771918e-16,3.05311331771918e-16,3.05311331771918e-16
P4,projection_l1,qwen3.5:4b,18,3.05311331771918e-16,0.0,3.05311331771918e-16,3.05311331771918e-16,3.05311331771918e-16
P4,ew_l1_distance,gemma3:1b,18,3.05311331771918e-16,0.0,3.05311331771918e-16,3.05311331771918e-16,3.05311331771918e-16
P4,ew_l1_distance,gemma3:270m,18,3.05311331771918e-16,0.0,3.05311331771918e-16,3.05311331771918e-16,3.05311331771918e-16
P4,ew_l1_distance,llama3.1:8b,18,3.05311331771918e-16,0.0,3.05311331771918e-16,3.05311331771918e-16,3.05311331771918e-16
P4,ew_l1_distance,qwen3.5:4b,18,3.05311331771918e-16,0.0,3.05311331771918e-16,3.05311331771918e-16,3.05311331771918e-16
P5,raw_fidelity,gemma3:1b,18,0.0,0.0,0.0,0.0,0.0
P5,raw_fidelity,gemma3:270m,18,0.05555555555555555,0.23570226039551584,0.0,0.0,0.16666666666666666
P5,raw_fidelity,llama3.1:8b,18,0.05555555555555555,0.23570226039551584,0.0,0.0,0.16666666666666666
P5,raw_fidelity,qwen3.5:4b,18,0.05555555555555555,0.23570226039551584,0.0,0.0,0.16666666666666666
P5,projected_fidelity,gemma3:1b,18,0.0,0.0,0.0,0.0,0.0
P5,projected_fidelity,gemma3:270m,18,0.05555555555555555,0.23570226039551584,0.0,0.0,0.16666666666666666
P5,projected_fidelity,llama3.1:8b,18,0.05555555555555555,0.23570226039551584,0.0,0.0,0.16666666666666666
P5,projected_fidelity,qwen3.5:4b,18,0.05555555555555555,0.23570226039551584,0.0,0.0,0.16666666666666666
P5,top3_overlap,gemma3:1b,18,0.12962962962962965,0.23260077972907509,0.0,0.037037037037037035,0.24074074074074073
P5,top3_overlap,gemma3:270m,18,0.3333333333333333,0.280056016805602,0.3333333333333333,0.2037037037037037,0.4629629629629629
P5,top3_overlap,llama3.1:8b,18,0.18518518518518517,0.28519508796433235,0.0,0.07407407407407407,0.33333333333333326
P5,top3_overlap,qwen3.5:4b,18,0.31481481481481477,0.31253177035307794,0.3333333333333333,0.16666666666666666,0.4629629629629629
P5,allocation_l1_to_reference,gemma3:1b,18,1.294312679129355,0.37873976580675356,1.1380213486280981,1.1290916153435786,1.4686933060173624
P5,allocation_l1_to_reference,gemma3:270m,18,1.0589968992094443,0.48728976151881825,0.9026767139218768,0.8501454822388348,1.289729890534777
P5,allocation_l1_to_reference,llama3.1:8b,18,1.1151841499350943,0.38527600390128475,1.0771087689525798,0.9493047869157057,1.2918763079883009
P5,allocation_l1_to_reference,qwen3.5:4b,18,1.0461570330899852,0.35655798812224726,0.9190888959882505,0.8863705016113336,1.2035894590491762
P5,projection_l1,gemma3:1b,18,1.333508438703141e-16,8.06106060603041e-17,1.0755285551056204e-16,1.0113317398036731e-16,1.736673534050925e-16
P5,projection_l1,gemma3:270m,18,1.2550091897424552e-16,1.0184516961294768e-16,8.196568423990414e-17,8.126490564820483e-17,1.7251463567864407e-16
P5,projection_l1,llama3.1:8b,18,1.3347432245106912e-16,8.30602936890261e-17,1.1449174941446927e-16,9.833623354262385e-17,1.7119409249092717e-16
P5,projection_l1,qwen3.5:4b,18,1.0119220276531333e-16,5.600086811608552e-17,9.454242944073599e-17,7.786860469698869e-17,1.2649025345664202e-16
P5,ew_l1_distance,gemma3:1b,18,0.9771946824543805,0.04636248685819707,0.9771260997067452,0.9575726856444666,0.9985631432286214
P5,ew_l1_distance,gemma3:270m,18,0.9531816516090529,0.3929309885375696,0.9316877243526492,0.7712205245161454,1.1241584084698393
P5,ew_l1_distance,llama3.1:8b,18,0.9087419737492213,0.23433626321365625,0.9860575814097012,0.7992208499286033,1.0132951660131526
P5,ew_l1_distance,qwen3.5:4b,18,0.6399399169637594,0.16487964237387442,0.5995795954217777,0.5727174606362354,0.7228329098339006
P6,raw_fidelity,gemma3:1b,18,0.05555555555555555,0.23570226039551584,0.0,0.0,0.16666666666666666
P6,raw_fidelity,gemma3:270m,18,0.05555555555555555,0.23570226039551584,0.0,0.0,0.16666666666666666
P6,raw_fidelity,llama3.1:8b,18,0.1111111111111111,0.3233808333817773,0.0,0.0,0.2777777777777778
P6,raw_fidelity,qwen3.5:4b,18,0.1111111111111111,0.3233808333817773,0.0,0.0,0.2777777777777778
P6,projected_fidelity,gemma3:1b,18,0.05555555555555555,0.23570226039551584,0.0,0.0,0.16666666666666666
P6,projected_fidelity,gemma3:270m,18,0.05555555555555555,0.23570226039551584,0.0,0.0,0.16666666666666666
P6,projected_fidelity,llama3.1:8b,18,0.1111111111111111,0.3233808333817773,0.0,0.0,0.2777777777777778
P6,projected_fidelity,qwen3.5:4b,18,0.1111111111111111,0.3233808333817773,0.0,0.0,0.2777777777777778
P6,top3_overlap,gemma3:1b,18,0.27777777777777773,0.2858309752375147,0.3333333333333333,0.14814814814814814,0.4074074074074074
P6,top3_overlap,gemma3:270m,18,0.2222222222222222,0.22866478019001177,0.3333333333333333,0.12962962962962962,0.33333333333333326
P6,top3_overlap,llama3.1:8b,18,0.33333333333333326,0.22866478019001177,0.3333333333333333,0.2222222222222222,0.44444444444444436
P6,top3_overlap,qwen3.5:4b,18,0.2037037037037037,0.20256166297139522,0.3333333333333333,0.1111111111111111,0.2962962962962962
P6,allocation_l1_to_reference,gemma3:1b,18,1.1795477212963519,0.3827810724184685,1.2149421370805322,1.0024689551345305,1.3508408572318562
P6,allocation_l1_to_reference,gemma3:270m,18,1.237803803522258,0.23556366161403997,1.2905592129057077,1.1315389672243894,1.3394350210545098
P6,allocation_l1_to_reference,llama3.1:8b,18,0.9939400191059623,0.24734682050443663,0.9882503166662986,0.8801547192350253,1.1043005710729195
P6,allocation_l1_to_reference,qwen3.5:4b,18,0.9559597134882605,0.1902989057025741,0.924379282863551,0.8749760080076295,1.0454867602825106
P6,projection_l1,gemma3:1b,18,1.5635701163591649e-16,1.0137024597114567e-16,1.121336096893133e-16,1.1193190291014047e-16,2.0199341512217484e-16
P6,projection_l1,gemma3:270m,18,1.846757700466951e-16,9.840798651885502e-17,1.8821749714347753e-16,1.4062764745131238e-16,2.262880517612297e-16
P6,projection_l1,llama3.1:8b,18,1.296223930660437e-16,9.129997376206233e-17,1.1796119636642288e-16,8.784206001477536e-17,1.7169907471112658e-16
P6,projection_l1,qwen3.5:4b,18,1.3328458707088376e-16,6.953228831417518e-17,1.0408340855860803e-16,1.0465683104094438e-16,1.651866336617295e-16
P6,ew_l1_distance,gemma3:1b,18,0.8335178701445781,0.31778405891693834,0.9089102146308571,0.6759081091348613,0.9581286361501747
P6,ew_l1_distance,gemma3:270m,18,0.6035977426421474,0.3894386593347635,0.7213592665604085,0.4186591927657632,0.7748397491769421
P6,ew_l1_distance,llama3.1:8b,18,0.8227992859539768,0.2366593509947302,0.7351097178683386,0.7239786223575374,0.938963744281421
P6,ew_l1_distance,qwen3.5:4b,18,0.5746106114819204,0.07470319019477438,0.5878135078902342,0.5385260518027518,0.6080459304256227
