experiment,outcome,term,fit_status,model_family,formula,coefficient,odds_ratio,se,p_value,ci_low,ci_high,n,clusters,excluded_constant_cells
prompt_robustness,projected_fidelity>=0.5,Intercept,ok,gaussian_identity_fallback,success ~ C(model_id) + C(policy_id) + C(paraphrase_id),0.18918119099491656,,0.030714494203874367,7.304606524514285e-10,0.12898188855195858,0.24938049343787455,2754,18,
prompt_robustness,projected_fidelity>=0.5,C(model_id)[T.gemma3:270m],ok,gaussian_identity_fallback,success ~ C(model_id) + C(policy_id) + C(paraphrase_id),-0.051198257080610036,,0.016885507659530015,0.0024287258547343676,-0.08429324395396409,-0.018103270207255988,2754,18,
prompt_robustness,projected_fidelity>=0.5,C(model_id)[T.llama3.1:8b],ok,gaussian_identity_fallback,success ~ C(model_id) + C(policy_id) + C(paraphrase_id),-0.0021786492374727784,,0.019234455538342788,0.9098180480093785,-0.039877489354861614,0.035520190879916064,2754,18,
prompt_robustness,projected_fidelity>=0.5,C(policy_id)[T.P2],ok,gaussian_identity_fallback,success ~ C(model_id) + C(policy_id) + C(paraphrase_id),-0.14074074074074075,,0.029110681784078003,1.333620652162205e-06,-0.19779662860293984,-0.08368485287854166,2754,18,
prompt_robustness,projected_fidelity>=0.5,C(policy_id)[T.P3],ok,gaussian_identity_fallback,success ~ C(model_id) + C(policy_id) + C(paraphrase_id),-0.12407407407407409,,0.03289897613447173,0.00016235645361241586,-0.18855488242588142,-0.05959326572226674,2754,18,
prompt_robustness,projected_fidelity>=0.5,C(policy_id)[T.P4],ok,gaussian_identity_fallback,success ~ C(model_id) + C(policy_id) + C(paraphrase_id),0.5310802469135802,,0.048928650751028,1.9051475485210654e-27,0.4351818536294267,0.6269786401977337,2754,18,
prompt_robustness,projected_fidelity>=0.5,C(policy_id)[T.P5],ok,gaussian_identity_fallback,success ~ C(model_id) + C(policy_id) + C(paraphrase_id),-0.10925925925925926,,0.02234619056777523,1.0114849826041299e-06,-0.15305698796376738,-0.06546153055475115,2754,18,
prompt_robustness,projected_fidelity>=0.5,C(policy_id)[T.P6],ok,gaussian_identity_fallback,success ~ C(model_id) + C(policy_id) + C(paraphrase_id),-0.05570987654320987,,0.03581142942248439,0.11979249580546099,-0.1258989884461773,0.01447923535975755,2754,18,
prompt_robustness,projected_fidelity>=0.5,C(paraphrase_id)[T.1.0],ok,gaussian_identity_fallback,success ~ C(model_id) + C(policy_id) + C(paraphrase_id),-0.015432098765432138,,0.01621798638933587,0.34132919701420106,-0.04721876799029123,0.016354570459426954,2754,18,
prompt_robustness,projected_fidelity>=0.5,C(paraphrase_id)[T.2.0],ok,gaussian_identity_fallback,success ~ C(model_id) + C(policy_id) + C(paraphrase_id),-2.897187473471432e-17,,0.013094570021973105,0.9999999999999982,-0.025664885636105177,0.025664885636105122,2754,18,
prompt_robustness,projected_fidelity>=0.5,C(paraphrase_id)[T.3.0],ok,gaussian_identity_fallback,success ~ C(model_id) + C(policy_id) + C(paraphrase_id),-0.07716049382716052,,0.013898411611220485,2.8282536909516523e-08,-0.10440088002746598,-0.04992010762685506,2754,18,
prompt_robustness,projected_fidelity>=0.5,C(paraphrase_id)[T.4.0],ok,gaussian_identity_fallback,success ~ C(model_id) + C(policy_id) + C(paraphrase_id),-0.06790123456790126,,0.015466354298737573,1.132179722318392e-05,-0.09821473196556314,-0.037587737170239374,2754,18,
prompt_robustness,projected_fidelity>=0.5,C(paraphrase_id)[T.5.0],ok,gaussian_identity_fallback,success ~ C(model_id) + C(policy_id) + C(paraphrase_id),-0.052098765432098806,,0.011559171933618493,6.570837312004641e-06,-0.07475432611309726,-0.029443204751100342,2754,18,
prompt_robustness,projected_fidelity>=0.5,C(paraphrase_id)[T.6.0],ok,gaussian_identity_fallback,success ~ C(model_id) + C(policy_id) + C(paraphrase_id),0.037870370370370346,,0.014947467453209157,0.0112909013312672,0.008573872501995754,0.06716686823874493,2754,18,
prompt_robustness,projected_fidelity>=0.5,C(paraphrase_id)[T.7.0],ok,gaussian_identity_fallback,success ~ C(model_id) + C(policy_id) + C(paraphrase_id),-0.05009259259259262,,0.011287375044311527,9.08276871497275e-06,-0.07221544115943941,-0.02796974402574583,2754,18,
prompt_robustness,projected_fidelity>=0.5,C(paraphrase_id)[T.8.0],ok,gaussian_identity_fallback,success ~ C(model_id) + C(policy_id) + C(paraphrase_id),-0.03620370370370373,,0.01309255112012571,0.005688548937748807,-0.06186463236489967,-0.010542775042507797,2754,18,
prompt_robustness,projected_fidelity>=0.5,C(paraphrase_id)[T.9.0],ok,gaussian_identity_fallback,success ~ C(model_id) + C(policy_id) + C(paraphrase_id),-0.00842592592592595,,0.0131470069927319,0.5215872039415774,-0.034193586136176714,0.017341734284324818,2754,18,
ticker_masking,projected_fidelity>=0.5,Intercept,ok,binomial_logit,success ~ C(model_id) + C(policy_id) + C(mask_condition),-2.430434162397203,0.08799861859623465,0.4523848955836469,7.765594266499954e-08,-3.3170922648910635,-1.5437760599033419,810,18,P4
ticker_masking,projected_fidelity>=0.5,C(model_id)[T.gemma3:270m],ok,binomial_logit,success ~ C(model_id) + C(policy_id) + C(mask_condition),0.1008121104897462,1.1060688035129222,0.5408073582513535,0.8521229453025216,-0.9591508342571571,1.1607750552366494,810,18,P4
ticker_masking,projected_fidelity>=0.5,C(model_id)[T.llama3.1:8b],ok,binomial_logit,success ~ C(model_id) + C(policy_id) + C(mask_condition),1.444958877404422,4.241677710436845,0.43870164007108997,0.0009887212837280685,0.5851194629064318,2.3047982919024124,810,18,P4
ticker_masking,projected_fidelity>=0.5,C(policy_id)[T.P2],ok,binomial_logit,success ~ C(model_id) + C(policy_id) + C(mask_condition),-0.2771135347660116,0.7579684364560855,0.33862959186572916,0.41316409243497954,-0.9408153389223384,0.38658826939031526,810,18,P4
ticker_masking,projected_fidelity>=0.5,C(policy_id)[T.P3],ok,binomial_logit,success ~ C(model_id) + C(policy_id) + C(mask_condition),-1.6617054339996191,0.1898149869731788,0.6459320683619132,0.010094655213659844,-2.927709024448433,-0.39570184355080507,810,18,P4
ticker_masking,projected_fidelity>=0.5,C(policy_id)[T.P5],ok,binomial_logit,success ~ C(model_id) + C(policy_id) + C(mask_condition),-0.5011954694304455,0.6058060040884455,0.49582416521212186,0.31209632617760297,-1.472992975910842,0.47060203704995096,810,18,P4
ticker_masking,projected_fidelity>=0.5,C(policy_id)[T.P6],ok,binomial_logit,success ~ C(model_id) + C(policy_id) + C(mask_condition),0.4303543919276462,1.5378024117516278,0.2985034553972713,0.1493851702480599,-0.154701629911764,1.0154104137670563,810,18,P4
ticker_masking,projected_fidelity>=0.5,C(mask_condition)[T.real_ticker],ok,binomial_logit,success ~ C(model_id) + C(policy_id) + C(mask_condition),-1.4296533323081957,0.23939189729701105,0.41289653547912436,0.0005351863544496357,-2.238915671188644,-0.6203909934277473,810,18,P4
ticker_masking,projected_fidelity>=0.5,C(mask_condition)[T.shuffled_masked],ok,binomial_logit,success ~ C(model_id) + C(policy_id) + C(mask_condition),-0.8082838159799621,0.44562218001977716,0.3079314847507674,0.008667899732239666,-1.4118184357974113,-0.20474919616251308,810,18,P4
policy_complexity,projected_fidelity>=0.5,Intercept,ok,binomial_logit,success ~ C(model_id) + C(complexity_level),-2.973944468741801,0.05110134461355797,0.8624604290629726,0.0005643156020018004,-4.664335847796189,-1.2835530896874123,270,18,L1
policy_complexity,projected_fidelity>=0.5,C(model_id)[T.gemma3:270m],ok,binomial_logit,success ~ C(model_id) + C(complexity_level),0.7268005811721219,2.0684521649450147,1.0752846798955142,0.4990948870989177,-1.3807186645507667,2.8343198268950105,270,18,L1
policy_complexity,projected_fidelity>=0.5,C(model_id)[T.llama3.1:8b],ok,binomial_logit,success ~ C(model_id) + C(complexity_level),0.53269352260559,1.7035145896655797,0.5464068481253821,0.329608516643606,-0.5382442206262061,1.6036312658373861,270,18,L1
policy_complexity,projected_fidelity>=0.5,C(complexity_level)[T.L3],ok,binomial_logit,success ~ C(model_id) + C(complexity_level),-0.7314542535531275,0.48120868156558055,0.36248469610693657,0.04360271584108102,-1.4419112028696697,-0.020997304236585523,270,18,L1
policy_complexity,projected_fidelity>=0.5,C(complexity_level)[T.L4],ok,binomial_logit,success ~ C(model_id) + C(complexity_level),-0.3075348769092128,0.7352572236011768,0.2155766756131732,0.15370433311462608,-0.7300573970179064,0.11498764319948085,270,18,L1
policy_complexity,projected_fidelity>=0.5,C(complexity_level)[T.L5],ok,binomial_logit,success ~ C(model_id) + C(complexity_level),-0.7314542535531277,0.4812086815655805,0.6432397133909689,0.2554793449040368,-1.9921809252252933,0.529272418119038,270,18,L1
policy_complexity,projected_fidelity>=0.5,C(complexity_level)[T.L6],ok,binomial_logit,success ~ C(model_id) + C(complexity_level),-0.30753487690921294,0.7352572236011767,0.650089356307843,0.6361664160355691,-1.581686602005412,0.9666168481869859,270,18,L1
constraint_conflict_stress,projected_fidelity>=0.5,Intercept,ok,binomial_logit,success ~ C(model_id) + C(conflict_type),-1.6999763592369288,0.1826878428816938,0.5705546760318104,0.002887048569848618,-2.818242975470196,-0.581709743003662,1188,18,
constraint_conflict_stress,projected_fidelity>=0.5,C(model_id)[T.gemma3:270m],ok,binomial_logit,success ~ C(model_id) + C(conflict_type),-0.6544928162236365,0.5197055819946884,0.4247628408875078,0.12335502062717438,-1.4870126863340694,0.1780270538867963,1188,18,
constraint_conflict_stress,projected_fidelity>=0.5,C(model_id)[T.llama3.1:8b],ok,binomial_logit,success ~ C(model_id) + C(conflict_type),-0.05791453548063338,0.9437305994724011,0.4220312014180998,0.8908505087260176,-0.8850804906122784,0.7692514196510116,1188,18,
constraint_conflict_stress,projected_fidelity>=0.5,C(conflict_type)[T.budget_conflict],ok,binomial_logit,success ~ C(model_id) + C(conflict_type),-0.2559970807744875,0.7741442286905326,0.27798380824543584,0.3570992731329261,-0.8008353332208302,0.28884117167185525,1188,18,
constraint_conflict_stress,projected_fidelity>=0.5,C(conflict_type)[T.cap_aligned_60],ok,binomial_logit,success ~ C(model_id) + C(conflict_type),-0.35318450182307004,0.7024475785616685,0.21400381775265376,0.09886821809895434,-0.7726242771723448,0.06625527352620475,1188,18,
constraint_conflict_stress,projected_fidelity>=0.5,C(conflict_type)[T.cap_conflict],ok,binomial_logit,success ~ C(model_id) + C(conflict_type),-0.35318450182307,0.7024475785616686,0.22434722192809198,0.11542359943034032,-0.7928969768337449,0.08652797318760497,1188,18,
constraint_conflict_stress,projected_fidelity>=0.5,C(conflict_type)[T.cap_mild_conflict_70],ok,binomial_logit,success ~ C(model_id) + C(conflict_type),-0.4580884128635843,0.6324915533458254,0.2792177949698519,0.10087772366323365,-1.005345234847183,0.08916840912001439,1188,18,
constraint_conflict_stress,projected_fidelity>=0.5,C(conflict_type)[T.cap_severe_conflict_90],ok,binomial_logit,success ~ C(model_id) + C(conflict_type),-0.45808841286358415,0.6324915533458255,0.25818989586837476,0.07602501525450611,-0.9641313099377455,0.04795448421057724,1188,18,
constraint_conflict_stress,projected_fidelity>=0.5,C(conflict_type)[T.constraint_contradiction],ok,binomial_logit,success ~ C(model_id) + C(conflict_type),0.7370753278298787,2.0898145455016683,0.2991382553717234,0.013739782014322495,0.15077512090315548,1.323375534756602,1188,18,
constraint_conflict_stress,projected_fidelity>=0.5,C(conflict_type)[T.hallucinated_ticker],ok,binomial_logit,success ~ C(model_id) + C(conflict_type),-0.16533367463627513,0.8476108306610728,0.3170265693864867,0.6020090183316577,-0.7866943327760776,0.45602698350352733,1188,18,
constraint_conflict_stress,projected_fidelity>=0.5,C(conflict_type)[T.missing_asset],ok,binomial_logit,success ~ C(model_id) + C(conflict_type),0.4083085872060138,1.5042712884285447,0.46143258071179755,0.3762258854904834,-0.49608265228248094,1.3126998266945087,1188,18,
constraint_conflict_stress,projected_fidelity>=0.5,C(conflict_type)[T.shorting_conflict],ok,binomial_logit,success ~ C(model_id) + C(conflict_type),-0.5722509467635526,0.5642539026604364,0.4082241804602531,0.16097330243650232,-1.3723556380840285,0.2278537445569232,1188,18,
constraint_conflict_stress,projected_fidelity>=0.5,C(conflict_type)[T.sparse_output],ok,binomial_logit,success ~ C(model_id) + C(conflict_type),0.6860620244366632,1.9858797688434784,0.1479052908322612,3.5090868084842746e-06,0.396172981282509,0.9759510675908174,1188,18,
model_family_generalization,projected_fidelity>=0.5,Intercept,ok,binomial_logit,success ~ C(model_id) + C(policy_id),-3.5653310496578663,0.02828761932724073,0.9064790084888374,8.383482518251873e-05,-5.341997259037566,-1.788664840278167,288,18,P2;P4
model_family_generalization,projected_fidelity>=0.5,C(model_id)[T.gemma3:270m],ok,binomial_logit,success ~ C(model_id) + C(policy_id),1.709491618575375,5.526151370674923,1.2498027185933662,0.17137181675790691,-0.740076697647871,4.159059934798621,288,18,P2;P4
model_family_generalization,projected_fidelity>=0.5,C(model_id)[T.llama3.1:8b],ok,binomial_logit,success ~ C(model_id) + C(policy_id),1.1525207950411185,3.1661641093747073,0.8621469356410278,0.1812868796187106,-0.5372561481968681,2.842297738279105,288,18,P2;P4
model_family_generalization,projected_fidelity>=0.5,C(model_id)[T.qwen3.5:4b],ok,binomial_logit,success ~ C(model_id) + C(policy_id),2.746245810896637,15.584016581329617,1.179662661566976,0.019912502718451866,0.4341494803187014,5.058342141474572,288,18,P2;P4
model_family_generalization,projected_fidelity>=0.5,C(policy_id)[T.P3],ok,binomial_logit,success ~ C(model_id) + C(policy_id),-1.8329014257429148,0.15994881427004407,0.744847996322087,0.013863826619954984,-3.292776672491028,-0.3730261789948017,288,18,P2;P4
model_family_generalization,projected_fidelity>=0.5,C(policy_id)[T.P5],ok,binomial_logit,success ~ C(model_id) + C(policy_id),-1.3983254342017848,0.24701025272642105,0.7338185892291924,0.05670907076554254,-2.8365834402769936,0.03993257187342425,288,18,P2;P4
model_family_generalization,projected_fidelity>=0.5,C(policy_id)[T.P6],ok,binomial_logit,success ~ C(model_id) + C(policy_id),-0.6222125726956987,0.5367555121972151,0.5521670430513317,0.25980350144813236,-1.7044400905262864,0.46001494513488883,288,18,P2;P4
