experiment_id,method,policy_id,predicted_policy,retrieval_score,decision_date,policy_accuracy,allocation_l1_to_reference,projected_weights,reference_weights,task_id
nl_baseline,rule,P1,P1,1.0,2011-01-03,1,0.0,"{""SPY"":0.019047619,""QQQ"":0.019047619,""IWM"":0.019047619,""DIA"":0.019047619,""EFA"":0.019047619,""EEM"":0.019047619,""VEA"":0.019047619,""VWO"":0.019047619,""AGG"":0.019047619,""BND"":0.019047619,""SHY"":0.019047619,""IEF"":0.019047619,""TLT"":0.019047619,""TIP"":0.019047619,""LQD"":0.019047619,""HYG"":0.019047619,""GLD"":0.019047619,""SLV"":0.6,""DBC"":0.019047619,""VNQ"":0.019047619,""UUP"":0.019047619,""BIL"":0.019047619}","{""SPY"":0.019047619,""QQQ"":0.019047619,""IWM"":0.019047619,""DIA"":0.019047619,""EFA"":0.019047619,""EEM"":0.019047619,""VEA"":0.019047619,""VWO"":0.019047619,""AGG"":0.019047619,""BND"":0.019047619,""SHY"":0.019047619,""IEF"":0.019047619,""TLT"":0.019047619,""TIP"":0.019047619,""LQD"":0.019047619,""HYG"":0.019047619,""GLD"":0.019047619,""SLV"":0.6,""DBC"":0.019047619,""VNQ"":0.019047619,""UUP"":0.019047619,""BIL"":0.019047619}",c7682e084f1828f8f7ae3d63
nl_baseline,tfidf,P1,P1,0.09272911026017053,2011-01-03,1,0.0,"{""SPY"":0.019047619,""QQQ"":0.019047619,""IWM"":0.019047619,""DIA"":0.019047619,""EFA"":0.019047619,""EEM"":0.019047619,""VEA"":0.019047619,""VWO"":0.019047619,""AGG"":0.019047619,""BND"":0.019047619,""SHY"":0.019047619,""IEF"":0.019047619,""TLT"":0.019047619,""TIP"":0.019047619,""LQD"":0.019047619,""HYG"":0.019047619,""GLD"":0.019047619,""SLV"":0.6,""DBC"":0.019047619,""VNQ"":0.019047619,""UUP"":0.019047619,""BIL"":0.019047619}","{""SPY"":0.019047619,""QQQ"":0.019047619,""IWM"":0.019047619,""DIA"":0.019047619,""EFA"":0.019047619,""EEM"":0.019047619,""VEA"":0.019047619,""VWO"":0.019047619,""AGG"":0.019047619,""BND"":0.019047619,""SHY"":0.019047619,""IEF"":0.019047619,""TLT"":0.019047619,""TIP"":0.019047619,""LQD"":0.019047619,""HYG"":0.019047619,""GLD"":0.019047619,""SLV"":0.6,""DBC"":0.019047619,""VNQ"":0.019047619,""UUP"":0.019047619,""BIL"":0.019047619}",1a94fd15e11ce250703d5f17
nl_baseline,rule,P2,P2,1.0,2011-01-03,1,0.0,"{""SPY"":0.019047619,""QQQ"":0.019047619,""IWM"":0.019047619,""DIA"":0.019047619,""EFA"":0.019047619,""EEM"":0.019047619,""VEA"":0.019047619,""VWO"":0.019047619,""AGG"":0.019047619,""BND"":0.019047619,""SHY"":0.019047619,""IEF"":0.019047619,""TLT"":0.019047619,""TIP"":0.019047619,""LQD"":0.019047619,""HYG"":0.019047619,""GLD"":0.019047619,""SLV"":0.019047619,""DBC"":0.019047619,""VNQ"":0.019047619,""UUP"":0.019047619,""BIL"":0.6}","{""SPY"":0.019047619,""QQQ"":0.019047619,""IWM"":0.019047619,""DIA"":0.019047619,""EFA"":0.019047619,""EEM"":0.019047619,""VEA"":0.019047619,""VWO"":0.019047619,""AGG"":0.019047619,""BND"":0.019047619,""SHY"":0.019047619,""IEF"":0.019047619,""TLT"":0.019047619,""TIP"":0.019047619,""LQD"":0.019047619,""HYG"":0.019047619,""GLD"":0.019047619,""SLV"":0.019047619,""DBC"":0.019047619,""VNQ"":0.019047619,""UUP"":0.019047619,""BIL"":0.6}",592ca3cfc0b19fe2766f05a9
nl_baseline,tfidf,P2,P2,0.09977298455538249,2011-01-03,1,0.0,"{""SPY"":0.019047619,""QQQ"":0.019047619,""IWM"":0.019047619,""DIA"":0.019047619,""EFA"":0.019047619,""EEM"":0.019047619,""VEA"":0.019047619,""VWO"":0.019047619,""AGG"":0.019047619,""BND"":0.019047619,""SHY"":0.019047619,""IEF"":0.019047619,""TLT"":0.019047619,""TIP"":0.019047619,""LQD"":0.019047619,""HYG"":0.019047619,""GLD"":0.019047619,""SLV"":0.019047619,""DBC"":0.019047619,""VNQ"":0.019047619,""UUP"":0.019047619,""BIL"":0.6}","{""SPY"":0.019047619,""QQQ"":0.019047619,""IWM"":0.019047619,""DIA"":0.019047619,""EFA"":0.019047619,""EEM"":0.019047619,""VEA"":0.019047619,""VWO"":0.019047619,""AGG"":0.019047619,""BND"":0.019047619,""SHY"":0.019047619,""IEF"":0.019047619,""TLT"":0.019047619,""TIP"":0.019047619,""LQD"":0.019047619,""HYG"":0.019047619,""GLD"":0.019047619,""SLV"":0.019047619,""DBC"":0.019047619,""VNQ"":0.019047619,""UUP"":0.019047619,""BIL"":0.6}",ffe7fd71a2728b0f0e5940e1
nl_baseline,rule,P3,P3,1.0,2011-01-03,1,0.0,"{""SPY"":0.019047619,""QQQ"":0.019047619,""IWM"":0.019047619,""DIA"":0.019047619,""EFA"":0.019047619,""EEM"":0.019047619,""VEA"":0.019047619,""VWO"":0.019047619,""AGG"":0.019047619,""BND"":0.019047619,""SHY"":0.019047619,""IEF"":0.019047619,""TLT"":0.6,""TIP"":0.019047619,""LQD"":0.019047619,""HYG"":0.019047619,""GLD"":0.019047619,""SLV"":0.019047619,""DBC"":0.019047619,""VNQ"":0.019047619,""UUP"":0.019047619,""BIL"":0.019047619}","{""SPY"":0.019047619,""QQQ"":0.019047619,""IWM"":0.019047619,""DIA"":0.019047619,""EFA"":0.019047619,""EEM"":0.019047619,""VEA"":0.019047619,""VWO"":0.019047619,""AGG"":0.019047619,""BND"":0.019047619,""SHY"":0.019047619,""IEF"":0.019047619,""TLT"":0.6,""TIP"":0.019047619,""LQD"":0.019047619,""HYG"":0.019047619,""GLD"":0.019047619,""SLV"":0.019047619,""DBC"":0.019047619,""VNQ"":0.019047619,""UUP"":0.019047619,""BIL"":0.019047619}",976aa72ea7f28c84ee6ac75d
nl_baseline,tfidf,P3,P3,0.10306444828113322,2011-01-03,1,0.0,"{""SPY"":0.019047619,""QQQ"":0.019047619,""IWM"":0.019047619,""DIA"":0.019047619,""EFA"":0.019047619,""EEM"":0.019047619,""VEA"":0.019047619,""VWO"":0.019047619,""AGG"":0.019047619,""BND"":0.019047619,""SHY"":0.019047619,""IEF"":0.019047619,""TLT"":0.6,""TIP"":0.019047619,""LQD"":0.019047619,""HYG"":0.019047619,""GLD"":0.019047619,""SLV"":0.019047619,""DBC"":0.019047619,""VNQ"":0.019047619,""UUP"":0.019047619,""BIL"":0.019047619}","{""SPY"":0.019047619,""QQQ"":0.019047619,""IWM"":0.019047619,""DIA"":0.019047619,""EFA"":0.019047619,""EEM"":0.019047619,""VEA"":0.019047619,""VWO"":0.019047619,""AGG"":0.019047619,""BND"":0.019047619,""SHY"":0.019047619,""IEF"":0.019047619,""TLT"":0.6,""TIP"":0.019047619,""LQD"":0.019047619,""HYG"":0.019047619,""GLD"":0.019047619,""SLV"":0.019047619,""DBC"":0.019047619,""VNQ"":0.019047619,""UUP"":0.019047619,""BIL"":0.019047619}",dded6ec190d3cf5fcd5a7a39
nl_baseline,rule,P4,P4,1.0,2011-01-03,1,0.0,"{""SPY"":0.0454545455,""QQQ"":0.0454545455,""IWM"":0.0454545455,""DIA"":0.0454545455,""EFA"":0.0454545455,""EEM"":0.0454545455,""VEA"":0.0454545455,""VWO"":0.0454545455,""AGG"":0.0454545455,""BND"":0.0454545455,""SHY"":0.0454545455,""IEF"":0.0454545455,""TLT"":0.0454545455,""TIP"":0.0454545455,""LQD"":0.0454545455,""HYG"":0.0454545455,""GLD"":0.0454545455,""SLV"":0.0454545455,""DBC"":0.0454545455,""VNQ"":0.0454545455,""UUP"":0.0454545455,""BIL"":0.0454545455}","{""SPY"":0.0454545455,""QQQ"":0.0454545455,""IWM"":0.0454545455,""DIA"":0.0454545455,""EFA"":0.0454545455,""EEM"":0.0454545455,""VEA"":0.0454545455,""VWO"":0.0454545455,""AGG"":0.0454545455,""BND"":0.0454545455,""SHY"":0.0454545455,""IEF"":0.0454545455,""TLT"":0.0454545455,""TIP"":0.0454545455,""LQD"":0.0454545455,""HYG"":0.0454545455,""GLD"":0.0454545455,""SLV"":0.0454545455,""DBC"":0.0454545455,""VNQ"":0.0454545455,""UUP"":0.0454545455,""BIL"":0.0454545455}",e0bc1d58b7abb595dd6dfa92
nl_baseline,tfidf,P4,P4,0.1676960851005751,2011-01-03,1,0.0,"{""SPY"":0.0454545455,""QQQ"":0.0454545455,""IWM"":0.0454545455,""DIA"":0.0454545455,""EFA"":0.0454545455,""EEM"":0.0454545455,""VEA"":0.0454545455,""VWO"":0.0454545455,""AGG"":0.0454545455,""BND"":0.0454545455,""SHY"":0.0454545455,""IEF"":0.0454545455,""TLT"":0.0454545455,""TIP"":0.0454545455,""LQD"":0.0454545455,""HYG"":0.0454545455,""GLD"":0.0454545455,""SLV"":0.0454545455,""DBC"":0.0454545455,""VNQ"":0.0454545455,""UUP"":0.0454545455,""BIL"":0.0454545455}","{""SPY"":0.0454545455,""QQQ"":0.0454545455,""IWM"":0.0454545455,""DIA"":0.0454545455,""EFA"":0.0454545455,""EEM"":0.0454545455,""VEA"":0.0454545455,""VWO"":0.0454545455,""AGG"":0.0454545455,""BND"":0.0454545455,""SHY"":0.0454545455,""IEF"":0.0454545455,""TLT"":0.0454545455,""TIP"":0.0454545455,""LQD"":0.0454545455,""HYG"":0.0454545455,""GLD"":0.0454545455,""SLV"":0.0454545455,""DBC"":0.0454545455,""VNQ"":0.0454545455,""UUP"":0.0454545455,""BIL"":0.0454545455}",eb39481ca1850dcbefc45eb0
nl_baseline,rule,P5,P5,1.0,2011-01-03,1,0.0,"{""SPY"":0.1107595829,""QQQ"":0.0716929435,""IWM"":0.1232323418,""DIA"":0.0799528752,""EFA"":0.0704517243,""EEM"":0.0491501986,""VEA"":0.0643525889,""VWO"":0.05994814,""AGG"":0.0,""BND"":0.0,""SHY"":0.0,""IEF"":0.0,""TLT"":0.0,""TIP"":0.0,""LQD"":0.0030180242,""HYG"":0.0789976946,""GLD"":0.0353110989,""SLV"":0.060910955,""DBC"":0.0925498997,""VNQ"":0.0737177686,""UUP"":0.0,""BIL"":0.0259541637}","{""SPY"":0.1107595829,""QQQ"":0.0716929435,""IWM"":0.1232323418,""DIA"":0.0799528752,""EFA"":0.0704517243,""EEM"":0.0491501986,""VEA"":0.0643525889,""VWO"":0.05994814,""AGG"":0.0,""BND"":0.0,""SHY"":0.0,""IEF"":0.0,""TLT"":0.0,""TIP"":0.0,""LQD"":0.0030180242,""HYG"":0.0789976946,""GLD"":0.0353110989,""SLV"":0.060910955,""DBC"":0.0925498997,""VNQ"":0.0737177686,""UUP"":0.0,""BIL"":0.0259541637}",300d712bf5f552046a9b43d5
nl_baseline,tfidf,P5,P5,0.23868052189612618,2011-01-03,1,0.0,"{""SPY"":0.1107595829,""QQQ"":0.0716929435,""IWM"":0.1232323418,""DIA"":0.0799528752,""EFA"":0.0704517243,""EEM"":0.0491501986,""VEA"":0.0643525889,""VWO"":0.05994814,""AGG"":0.0,""BND"":0.0,""SHY"":0.0,""IEF"":0.0,""TLT"":0.0,""TIP"":0.0,""LQD"":0.0030180242,""HYG"":0.0789976946,""GLD"":0.0353110989,""SLV"":0.060910955,""DBC"":0.0925498997,""VNQ"":0.0737177686,""UUP"":0.0,""BIL"":0.0259541637}","{""SPY"":0.1107595829,""QQQ"":0.0716929435,""IWM"":0.1232323418,""DIA"":0.0799528752,""EFA"":0.0704517243,""EEM"":0.0491501986,""VEA"":0.0643525889,""VWO"":0.05994814,""AGG"":0.0,""BND"":0.0,""SHY"":0.0,""IEF"":0.0,""TLT"":0.0,""TIP"":0.0,""LQD"":0.0030180242,""HYG"":0.0789976946,""GLD"":0.0353110989,""SLV"":0.060910955,""DBC"":0.0925498997,""VNQ"":0.0737177686,""UUP"":0.0,""BIL"":0.0259541637}",23ae05f0fe0bb82c1db5535b
nl_baseline,rule,P6,P6,1.0,2011-01-03,1,0.0,"{""SPY"":0.0797397674,""QQQ"":0.0939263888,""IWM"":0.0995543143,""DIA"":0.0822467984,""EFA"":0.0051020523,""EEM"":0.026261175,""VEA"":0.0047969559,""VWO"":0.0351344468,""AGG"":0.0193159272,""BND"":0.0180625617,""SHY"":0.0316897318,""IEF"":0.0063934752,""TLT"":0.0006096481,""TIP"":0.0090457888,""LQD"":0.0142440624,""HYG"":0.1040800594,""GLD"":0.065420085,""SLV"":0.1475817265,""DBC"":0.0187184742,""VNQ"":0.1030057617,""UUP"":0.0010591653,""BIL"":0.0340116336}","{""SPY"":0.0797397674,""QQQ"":0.0939263888,""IWM"":0.0995543143,""DIA"":0.0822467984,""EFA"":0.0051020523,""EEM"":0.026261175,""VEA"":0.0047969559,""VWO"":0.0351344468,""AGG"":0.0193159272,""BND"":0.0180625617,""SHY"":0.0316897318,""IEF"":0.0063934752,""TLT"":0.0006096481,""TIP"":0.0090457888,""LQD"":0.0142440624,""HYG"":0.1040800594,""GLD"":0.065420085,""SLV"":0.1475817265,""DBC"":0.0187184742,""VNQ"":0.1030057617,""UUP"":0.0010591653,""BIL"":0.0340116336}",f2e24694f6614526a867864d
nl_baseline,tfidf,P6,P6,0.17823350988662123,2011-01-03,1,0.0,"{""SPY"":0.0797397674,""QQQ"":0.0939263888,""IWM"":0.0995543143,""DIA"":0.0822467984,""EFA"":0.0051020523,""EEM"":0.026261175,""VEA"":0.0047969559,""VWO"":0.0351344468,""AGG"":0.0193159272,""BND"":0.0180625617,""SHY"":0.0316897318,""IEF"":0.0063934752,""TLT"":0.0006096481,""TIP"":0.0090457888,""LQD"":0.0142440624,""HYG"":0.1040800594,""GLD"":0.065420085,""SLV"":0.1475817265,""DBC"":0.0187184742,""VNQ"":0.1030057617,""UUP"":0.0010591653,""BIL"":0.0340116336}","{""SPY"":0.0797397674,""QQQ"":0.0939263888,""IWM"":0.0995543143,""DIA"":0.0822467984,""EFA"":0.0051020523,""EEM"":0.026261175,""VEA"":0.0047969559,""VWO"":0.0351344468,""AGG"":0.0193159272,""BND"":0.0180625617,""SHY"":0.0316897318,""IEF"":0.0063934752,""TLT"":0.0006096481,""TIP"":0.0090457888,""LQD"":0.0142440624,""HYG"":0.1040800594,""GLD"":0.065420085,""SLV"":0.1475817265,""DBC"":0.0187184742,""VNQ"":0.1030057617,""UUP"":0.0010591653,""BIL"":0.0340116336}",327673716082594949d9d349
nl_baseline,rule,P1,P1,1.0,2011-03-04,1,0.0,"{""SPY"":0.019047619,""QQQ"":0.019047619,""IWM"":0.019047619,""DIA"":0.019047619,""EFA"":0.019047619,""EEM"":0.019047619,""VEA"":0.019047619,""VWO"":0.019047619,""AGG"":0.019047619,""BND"":0.019047619,""SHY"":0.019047619,""IEF"":0.019047619,""TLT"":0.019047619,""TIP"":0.019047619,""LQD"":0.019047619,""HYG"":0.019047619,""GLD"":0.019047619,""SLV"":0.6,""DBC"":0.019047619,""VNQ"":0.019047619,""UUP"":0.019047619,""BIL"":0.019047619}","{""SPY"":0.019047619,""QQQ"":0.019047619,""IWM"":0.019047619,""DIA"":0.019047619,""EFA"":0.019047619,""EEM"":0.019047619,""VEA"":0.019047619,""VWO"":0.019047619,""AGG"":0.019047619,""BND"":0.019047619,""SHY"":0.019047619,""IEF"":0.019047619,""TLT"":0.019047619,""TIP"":0.019047619,""LQD"":0.019047619,""HYG"":0.019047619,""GLD"":0.019047619,""SLV"":0.6,""DBC"":0.019047619,""VNQ"":0.019047619,""UUP"":0.019047619,""BIL"":0.019047619}",c8615ec88e85741682284309
nl_baseline,tfidf,P1,P1,0.09272911026017053,2011-03-04,1,0.0,"{""SPY"":0.019047619,""QQQ"":0.019047619,""IWM"":0.019047619,""DIA"":0.019047619,""EFA"":0.019047619,""EEM"":0.019047619,""VEA"":0.019047619,""VWO"":0.019047619,""AGG"":0.019047619,""BND"":0.019047619,""SHY"":0.019047619,""IEF"":0.019047619,""TLT"":0.019047619,""TIP"":0.019047619,""LQD"":0.019047619,""HYG"":0.019047619,""GLD"":0.019047619,""SLV"":0.6,""DBC"":0.019047619,""VNQ"":0.019047619,""UUP"":0.019047619,""BIL"":0.019047619}","{""SPY"":0.019047619,""QQQ"":0.019047619,""IWM"":0.019047619,""DIA"":0.019047619,""EFA"":0.019047619,""EEM"":0.019047619,""VEA"":0.019047619,""VWO"":0.019047619,""AGG"":0.019047619,""BND"":0.019047619,""SHY"":0.019047619,""IEF"":0.019047619,""TLT"":0.019047619,""TIP"":0.019047619,""LQD"":0.019047619,""HYG"":0.019047619,""GLD"":0.019047619,""SLV"":0.6,""DBC"":0.019047619,""VNQ"":0.019047619,""UUP"":0.019047619,""BIL"":0.019047619}",a50473f7ff482828bd60f717
nl_baseline,rule,P2,P2,1.0,2011-03-04,1,0.0,"{""SPY"":0.019047619,""QQQ"":0.019047619,""IWM"":0.019047619,""DIA"":0.019047619,""EFA"":0.019047619,""EEM"":0.019047619,""VEA"":0.019047619,""VWO"":0.019047619,""AGG"":0.019047619,""BND"":0.019047619,""SHY"":0.019047619,""IEF"":0.019047619,""TLT"":0.019047619,""TIP"":0.019047619,""LQD"":0.019047619,""HYG"":0.019047619,""GLD"":0.019047619,""SLV"":0.019047619,""DBC"":0.019047619,""VNQ"":0.019047619,""UUP"":0.019047619,""BIL"":0.6}","{""SPY"":0.019047619,""QQQ"":0.019047619,""IWM"":0.019047619,""DIA"":0.019047619,""EFA"":0.019047619,""EEM"":0.019047619,""VEA"":0.019047619,""VWO"":0.019047619,""AGG"":0.019047619,""BND"":0.019047619,""SHY"":0.019047619,""IEF"":0.019047619,""TLT"":0.019047619,""TIP"":0.019047619,""LQD"":0.019047619,""HYG"":0.019047619,""GLD"":0.019047619,""SLV"":0.019047619,""DBC"":0.019047619,""VNQ"":0.019047619,""UUP"":0.019047619,""BIL"":0.6}",c3e1c5fc4303c635cf5c0542
nl_baseline,tfidf,P2,P2,0.09977298455538249,2011-03-04,1,0.0,"{""SPY"":0.019047619,""QQQ"":0.019047619,""IWM"":0.019047619,""DIA"":0.019047619,""EFA"":0.019047619,""EEM"":0.019047619,""VEA"":0.019047619,""VWO"":0.019047619,""AGG"":0.019047619,""BND"":0.019047619,""SHY"":0.019047619,""IEF"":0.019047619,""TLT"":0.019047619,""TIP"":0.019047619,""LQD"":0.019047619,""HYG"":0.019047619,""GLD"":0.019047619,""SLV"":0.019047619,""DBC"":0.019047619,""VNQ"":0.019047619,""UUP"":0.019047619,""BIL"":0.6}","{""SPY"":0.019047619,""QQQ"":0.019047619,""IWM"":0.019047619,""DIA"":0.019047619,""EFA"":0.019047619,""EEM"":0.019047619,""VEA"":0.019047619,""VWO"":0.019047619,""AGG"":0.019047619,""BND"":0.019047619,""SHY"":0.019047619,""IEF"":0.019047619,""TLT"":0.019047619,""TIP"":0.019047619,""LQD"":0.019047619,""HYG"":0.019047619,""GLD"":0.019047619,""SLV"":0.019047619,""DBC"":0.019047619,""VNQ"":0.019047619,""UUP"":0.019047619,""BIL"":0.6}",d8a4592d12c45f92b48f23a2
nl_baseline,rule,P3,P3,1.0,2011-03-04,1,0.0,"{""SPY"":0.019047619,""QQQ"":0.019047619,""IWM"":0.019047619,""DIA"":0.019047619,""EFA"":0.019047619,""EEM"":0.019047619,""VEA"":0.019047619,""VWO"":0.019047619,""AGG"":0.019047619,""BND"":0.019047619,""SHY"":0.019047619,""IEF"":0.019047619,""TLT"":0.019047619,""TIP"":0.019047619,""LQD"":0.019047619,""HYG"":0.019047619,""GLD"":0.019047619,""SLV"":0.019047619,""DBC"":0.019047619,""VNQ"":0.019047619,""UUP"":0.6,""BIL"":0.019047619}","{""SPY"":0.019047619,""QQQ"":0.019047619,""IWM"":0.019047619,""DIA"":0.019047619,""EFA"":0.019047619,""EEM"":0.019047619,""VEA"":0.019047619,""VWO"":0.019047619,""AGG"":0.019047619,""BND"":0.019047619,""SHY"":0.019047619,""IEF"":0.019047619,""TLT"":0.019047619,""TIP"":0.019047619,""LQD"":0.019047619,""HYG"":0.019047619,""GLD"":0.019047619,""SLV"":0.019047619,""DBC"":0.019047619,""VNQ"":0.019047619,""UUP"":0.6,""BIL"":0.019047619}",384b753c959545223864ca45
nl_baseline,tfidf,P3,P3,0.10306444828113322,2011-03-04,1,0.0,"{""SPY"":0.019047619,""QQQ"":0.019047619,""IWM"":0.019047619,""DIA"":0.019047619,""EFA"":0.019047619,""EEM"":0.019047619,""VEA"":0.019047619,""VWO"":0.019047619,""AGG"":0.019047619,""BND"":0.019047619,""SHY"":0.019047619,""IEF"":0.019047619,""TLT"":0.019047619,""TIP"":0.019047619,""LQD"":0.019047619,""HYG"":0.019047619,""GLD"":0.019047619,""SLV"":0.019047619,""DBC"":0.019047619,""VNQ"":0.019047619,""UUP"":0.6,""BIL"":0.019047619}","{""SPY"":0.019047619,""QQQ"":0.019047619,""IWM"":0.019047619,""DIA"":0.019047619,""EFA"":0.019047619,""EEM"":0.019047619,""VEA"":0.019047619,""VWO"":0.019047619,""AGG"":0.019047619,""BND"":0.019047619,""SHY"":0.019047619,""IEF"":0.019047619,""TLT"":0.019047619,""TIP"":0.019047619,""LQD"":0.019047619,""HYG"":0.019047619,""GLD"":0.019047619,""SLV"":0.019047619,""DBC"":0.019047619,""VNQ"":0.019047619,""UUP"":0.6,""BIL"":0.019047619}",a54bf2716173cd0424969ead
nl_baseline,rule,P4,P4,1.0,2011-03-04,1,0.0,"{""SPY"":0.0454545455,""QQQ"":0.0454545455,""IWM"":0.0454545455,""DIA"":0.0454545455,""EFA"":0.0454545455,""EEM"":0.0454545455,""VEA"":0.0454545455,""VWO"":0.0454545455,""AGG"":0.0454545455,""BND"":0.0454545455,""SHY"":0.0454545455,""IEF"":0.0454545455,""TLT"":0.0454545455,""TIP"":0.0454545455,""LQD"":0.0454545455,""HYG"":0.0454545455,""GLD"":0.0454545455,""SLV"":0.0454545455,""DBC"":0.0454545455,""VNQ"":0.0454545455,""UUP"":0.0454545455,""BIL"":0.0454545455}","{""SPY"":0.0454545455,""QQQ"":0.0454545455,""IWM"":0.0454545455,""DIA"":0.0454545455,""EFA"":0.0454545455,""EEM"":0.0454545455,""VEA"":0.0454545455,""VWO"":0.0454545455,""AGG"":0.0454545455,""BND"":0.0454545455,""SHY"":0.0454545455,""IEF"":0.0454545455,""TLT"":0.0454545455,""TIP"":0.0454545455,""LQD"":0.0454545455,""HYG"":0.0454545455,""GLD"":0.0454545455,""SLV"":0.0454545455,""DBC"":0.0454545455,""VNQ"":0.0454545455,""UUP"":0.0454545455,""BIL"":0.0454545455}",c7a0edce959db89583dce837
nl_baseline,tfidf,P4,P4,0.1676960851005751,2011-03-04,1,0.0,"{""SPY"":0.0454545455,""QQQ"":0.0454545455,""IWM"":0.0454545455,""DIA"":0.0454545455,""EFA"":0.0454545455,""EEM"":0.0454545455,""VEA"":0.0454545455,""VWO"":0.0454545455,""AGG"":0.0454545455,""BND"":0.0454545455,""SHY"":0.0454545455,""IEF"":0.0454545455,""TLT"":0.0454545455,""TIP"":0.0454545455,""LQD"":0.0454545455,""HYG"":0.0454545455,""GLD"":0.0454545455,""SLV"":0.0454545455,""DBC"":0.0454545455,""VNQ"":0.0454545455,""UUP"":0.0454545455,""BIL"":0.0454545455}","{""SPY"":0.0454545455,""QQQ"":0.0454545455,""IWM"":0.0454545455,""DIA"":0.0454545455,""EFA"":0.0454545455,""EEM"":0.0454545455,""VEA"":0.0454545455,""VWO"":0.0454545455,""AGG"":0.0454545455,""BND"":0.0454545455,""SHY"":0.0454545455,""IEF"":0.0454545455,""TLT"":0.0454545455,""TIP"":0.0454545455,""LQD"":0.0454545455,""HYG"":0.0454545455,""GLD"":0.0454545455,""SLV"":0.0454545455,""DBC"":0.0454545455,""VNQ"":0.0454545455,""UUP"":0.0454545455,""BIL"":0.0454545455}",6e5d77597d372f2f72a49b22
nl_baseline,rule,P5,P5,1.0,2011-03-04,1,0.0,"{""SPY"":0.0429512885,""QQQ"":0.0394216799,""IWM"":0.0660373701,""DIA"":0.047538648,""EFA"":0.014786134,""EEM"":0.012147058,""VEA"":0.0138137741,""VWO"":0.0099634372,""AGG"":0.0179680192,""BND"":0.0178980059,""SHY"":0.0172176982,""IEF"":0.0036577717,""TLT"":0.0133012998,""TIP"":0.0721931401,""LQD"":0.0370030794,""HYG"":0.0775746037,""GLD"":0.133328798,""SLV"":0.2225032757,""DBC"":0.0982016827,""VNQ"":0.0167430038,""UUP"":1.214306433e-17,""BIL"":0.0257502321}","{""SPY"":0.0429512885,""QQQ"":0.0394216799,""IWM"":0.0660373701,""DIA"":0.047538648,""EFA"":0.014786134,""EEM"":0.012147058,""VEA"":0.0138137741,""VWO"":0.0099634372,""AGG"":0.0179680192,""BND"":0.0178980059,""SHY"":0.0172176982,""IEF"":0.0036577717,""TLT"":0.0133012998,""TIP"":0.0721931401,""LQD"":0.0370030794,""HYG"":0.0775746037,""GLD"":0.133328798,""SLV"":0.2225032757,""DBC"":0.0982016827,""VNQ"":0.0167430038,""UUP"":1.214306433e-17,""BIL"":0.0257502321}",139c51c0a2cd2050e0ae892a
nl_baseline,tfidf,P5,P5,0.23868052189612618,2011-03-04,1,0.0,"{""SPY"":0.0429512885,""QQQ"":0.0394216799,""IWM"":0.0660373701,""DIA"":0.047538648,""EFA"":0.014786134,""EEM"":0.012147058,""VEA"":0.0138137741,""VWO"":0.0099634372,""AGG"":0.0179680192,""BND"":0.0178980059,""SHY"":0.0172176982,""IEF"":0.0036577717,""TLT"":0.0133012998,""TIP"":0.0721931401,""LQD"":0.0370030794,""HYG"":0.0775746037,""GLD"":0.133328798,""SLV"":0.2225032757,""DBC"":0.0982016827,""VNQ"":0.0167430038,""UUP"":1.214306433e-17,""BIL"":0.0257502321}","{""SPY"":0.0429512885,""QQQ"":0.0394216799,""IWM"":0.0660373701,""DIA"":0.047538648,""EFA"":0.014786134,""EEM"":0.012147058,""VEA"":0.0138137741,""VWO"":0.0099634372,""AGG"":0.0179680192,""BND"":0.0178980059,""SHY"":0.0172176982,""IEF"":0.0036577717,""TLT"":0.0133012998,""TIP"":0.0721931401,""LQD"":0.0370030794,""HYG"":0.0775746037,""GLD"":0.133328798,""SLV"":0.2225032757,""DBC"":0.0982016827,""VNQ"":0.0167430038,""UUP"":1.214306433e-17,""BIL"":0.0257502321}",e6711ab43da2b9de05a5d2d4
nl_baseline,rule,P6,P6,1.0,2011-03-04,1,0.0,"{""SPY"":0.0762241481,""QQQ"":0.0729915675,""IWM"":0.0460829753,""DIA"":0.0945044388,""EFA"":0.0403048258,""EEM"":0.0208601939,""VEA"":0.0106043249,""VWO"":0.0224051169,""AGG"":0.0209728465,""BND"":0.0210282029,""SHY"":0.0399654303,""IEF"":0.0063329468,""TLT"":0.0006049325,""TIP"":0.0170672958,""LQD"":0.0168142455,""HYG"":0.0465490554,""GLD"":0.0664171517,""SLV"":0.2059359687,""DBC"":0.0824326499,""VNQ"":0.0441522567,""UUP"":0.0008570592,""BIL"":0.0468923668}","{""SPY"":0.0762241481,""QQQ"":0.0729915675,""IWM"":0.0460829753,""DIA"":0.0945044388,""EFA"":0.0403048258,""EEM"":0.0208601939,""VEA"":0.0106043249,""VWO"":0.0224051169,""AGG"":0.0209728465,""BND"":0.0210282029,""SHY"":0.0399654303,""IEF"":0.0063329468,""TLT"":0.0006049325,""TIP"":0.0170672958,""LQD"":0.0168142455,""HYG"":0.0465490554,""GLD"":0.0664171517,""SLV"":0.2059359687,""DBC"":0.0824326499,""VNQ"":0.0441522567,""UUP"":0.0008570592,""BIL"":0.0468923668}",2e04b970ceadaf4e2ef42c30
nl_baseline,tfidf,P6,P6,0.17823350988662123,2011-03-04,1,0.0,"{""SPY"":0.0762241481,""QQQ"":0.0729915675,""IWM"":0.0460829753,""DIA"":0.0945044388,""EFA"":0.0403048258,""EEM"":0.0208601939,""VEA"":0.0106043249,""VWO"":0.0224051169,""AGG"":0.0209728465,""BND"":0.0210282029,""SHY"":0.0399654303,""IEF"":0.0063329468,""TLT"":0.0006049325,""TIP"":0.0170672958,""LQD"":0.0168142455,""HYG"":0.0465490554,""GLD"":0.0664171517,""SLV"":0.2059359687,""DBC"":0.0824326499,""VNQ"":0.0441522567,""UUP"":0.0008570592,""BIL"":0.0468923668}","{""SPY"":0.0762241481,""QQQ"":0.0729915675,""IWM"":0.0460829753,""DIA"":0.0945044388,""EFA"":0.0403048258,""EEM"":0.0208601939,""VEA"":0.0106043249,""VWO"":0.0224051169,""AGG"":0.0209728465,""BND"":0.0210282029,""SHY"":0.0399654303,""IEF"":0.0063329468,""TLT"":0.0006049325,""TIP"":0.0170672958,""LQD"":0.0168142455,""HYG"":0.0465490554,""GLD"":0.0664171517,""SLV"":0.2059359687,""DBC"":0.0824326499,""VNQ"":0.0441522567,""UUP"":0.0008570592,""BIL"":0.0468923668}",ec97ab45354f3dccf656e2ba
nl_baseline,rule,P1,P1,1.0,2011-05-04,1,0.0,"{""SPY"":0.019047619,""QQQ"":0.019047619,""IWM"":0.019047619,""DIA"":0.019047619,""EFA"":0.019047619,""EEM"":0.019047619,""VEA"":0.019047619,""VWO"":0.019047619,""AGG"":0.019047619,""BND"":0.019047619,""SHY"":0.019047619,""IEF"":0.019047619,""TLT"":0.019047619,""TIP"":0.019047619,""LQD"":0.019047619,""HYG"":0.019047619,""GLD"":0.019047619,""SLV"":0.6,""DBC"":0.019047619,""VNQ"":0.019047619,""UUP"":0.019047619,""BIL"":0.019047619}","{""SPY"":0.019047619,""QQQ"":0.019047619,""IWM"":0.019047619,""DIA"":0.019047619,""EFA"":0.019047619,""EEM"":0.019047619,""VEA"":0.019047619,""VWO"":0.019047619,""AGG"":0.019047619,""BND"":0.019047619,""SHY"":0.019047619,""IEF"":0.019047619,""TLT"":0.019047619,""TIP"":0.019047619,""LQD"":0.019047619,""HYG"":0.019047619,""GLD"":0.019047619,""SLV"":0.6,""DBC"":0.019047619,""VNQ"":0.019047619,""UUP"":0.019047619,""BIL"":0.019047619}",745bb92463f2da43a089fe3f
nl_baseline,tfidf,P1,P1,0.09272911026017053,2011-05-04,1,0.0,"{""SPY"":0.019047619,""QQQ"":0.019047619,""IWM"":0.019047619,""DIA"":0.019047619,""EFA"":0.019047619,""EEM"":0.019047619,""VEA"":0.019047619,""VWO"":0.019047619,""AGG"":0.019047619,""BND"":0.019047619,""SHY"":0.019047619,""IEF"":0.019047619,""TLT"":0.019047619,""TIP"":0.019047619,""LQD"":0.019047619,""HYG"":0.019047619,""GLD"":0.019047619,""SLV"":0.6,""DBC"":0.019047619,""VNQ"":0.019047619,""UUP"":0.019047619,""BIL"":0.019047619}","{""SPY"":0.019047619,""QQQ"":0.019047619,""IWM"":0.019047619,""DIA"":0.019047619,""EFA"":0.019047619,""EEM"":0.019047619,""VEA"":0.019047619,""VWO"":0.019047619,""AGG"":0.019047619,""BND"":0.019047619,""SHY"":0.019047619,""IEF"":0.019047619,""TLT"":0.019047619,""TIP"":0.019047619,""LQD"":0.019047619,""HYG"":0.019047619,""GLD"":0.019047619,""SLV"":0.6,""DBC"":0.019047619,""VNQ"":0.019047619,""UUP"":0.019047619,""BIL"":0.019047619}",2ef1433ad69d026b89cf24db
nl_baseline,rule,P2,P2,1.0,2011-05-04,1,0.0,"{""SPY"":0.019047619,""QQQ"":0.019047619,""IWM"":0.019047619,""DIA"":0.019047619,""EFA"":0.019047619,""EEM"":0.019047619,""VEA"":0.019047619,""VWO"":0.019047619,""AGG"":0.019047619,""BND"":0.019047619,""SHY"":0.019047619,""IEF"":0.019047619,""TLT"":0.019047619,""TIP"":0.019047619,""LQD"":0.019047619,""HYG"":0.019047619,""GLD"":0.019047619,""SLV"":0.019047619,""DBC"":0.019047619,""VNQ"":0.019047619,""UUP"":0.019047619,""BIL"":0.6}","{""SPY"":0.019047619,""QQQ"":0.019047619,""IWM"":0.019047619,""DIA"":0.019047619,""EFA"":0.019047619,""EEM"":0.019047619,""VEA"":0.019047619,""VWO"":0.019047619,""AGG"":0.019047619,""BND"":0.019047619,""SHY"":0.019047619,""IEF"":0.019047619,""TLT"":0.019047619,""TIP"":0.019047619,""LQD"":0.019047619,""HYG"":0.019047619,""GLD"":0.019047619,""SLV"":0.019047619,""DBC"":0.019047619,""VNQ"":0.019047619,""UUP"":0.019047619,""BIL"":0.6}",3a40d951eb3dc8dbcb9ea13a
nl_baseline,tfidf,P2,P2,0.09977298455538249,2011-05-04,1,0.0,"{""SPY"":0.019047619,""QQQ"":0.019047619,""IWM"":0.019047619,""DIA"":0.019047619,""EFA"":0.019047619,""EEM"":0.019047619,""VEA"":0.019047619,""VWO"":0.019047619,""AGG"":0.019047619,""BND"":0.019047619,""SHY"":0.019047619,""IEF"":0.019047619,""TLT"":0.019047619,""TIP"":0.019047619,""LQD"":0.019047619,""HYG"":0.019047619,""GLD"":0.019047619,""SLV"":0.019047619,""DBC"":0.019047619,""VNQ"":0.019047619,""UUP"":0.019047619,""BIL"":0.6}","{""SPY"":0.019047619,""QQQ"":0.019047619,""IWM"":0.019047619,""DIA"":0.019047619,""EFA"":0.019047619,""EEM"":0.019047619,""VEA"":0.019047619,""VWO"":0.019047619,""AGG"":0.019047619,""BND"":0.019047619,""SHY"":0.019047619,""IEF"":0.019047619,""TLT"":0.019047619,""TIP"":0.019047619,""LQD"":0.019047619,""HYG"":0.019047619,""GLD"":0.019047619,""SLV"":0.019047619,""DBC"":0.019047619,""VNQ"":0.019047619,""UUP"":0.019047619,""BIL"":0.6}",f509499192c57e7606996f46
nl_baseline,rule,P3,P3,1.0,2011-05-04,1,0.0,"{""SPY"":0.019047619,""QQQ"":0.019047619,""IWM"":0.019047619,""DIA"":0.019047619,""EFA"":0.019047619,""EEM"":0.019047619,""VEA"":0.019047619,""VWO"":0.019047619,""AGG"":0.019047619,""BND"":0.019047619,""SHY"":0.019047619,""IEF"":0.019047619,""TLT"":0.019047619,""TIP"":0.019047619,""LQD"":0.019047619,""HYG"":0.019047619,""GLD"":0.019047619,""SLV"":0.019047619,""DBC"":0.019047619,""VNQ"":0.019047619,""UUP"":0.6,""BIL"":0.019047619}","{""SPY"":0.019047619,""QQQ"":0.019047619,""IWM"":0.019047619,""DIA"":0.019047619,""EFA"":0.019047619,""EEM"":0.019047619,""VEA"":0.019047619,""VWO"":0.019047619,""AGG"":0.019047619,""BND"":0.019047619,""SHY"":0.019047619,""IEF"":0.019047619,""TLT"":0.019047619,""TIP"":0.019047619,""LQD"":0.019047619,""HYG"":0.019047619,""GLD"":0.019047619,""SLV"":0.019047619,""DBC"":0.019047619,""VNQ"":0.019047619,""UUP"":0.6,""BIL"":0.019047619}",5c7c280d68e86f22658dcdc4
nl_baseline,tfidf,P3,P3,0.10306444828113322,2011-05-04,1,0.0,"{""SPY"":0.019047619,""QQQ"":0.019047619,""IWM"":0.019047619,""DIA"":0.019047619,""EFA"":0.019047619,""EEM"":0.019047619,""VEA"":0.019047619,""VWO"":0.019047619,""AGG"":0.019047619,""BND"":0.019047619,""SHY"":0.019047619,""IEF"":0.019047619,""TLT"":0.019047619,""TIP"":0.019047619,""LQD"":0.019047619,""HYG"":0.019047619,""GLD"":0.019047619,""SLV"":0.019047619,""DBC"":0.019047619,""VNQ"":0.019047619,""UUP"":0.6,""BIL"":0.019047619}","{""SPY"":0.019047619,""QQQ"":0.019047619,""IWM"":0.019047619,""DIA"":0.019047619,""EFA"":0.019047619,""EEM"":0.019047619,""VEA"":0.019047619,""VWO"":0.019047619,""AGG"":0.019047619,""BND"":0.019047619,""SHY"":0.019047619,""IEF"":0.019047619,""TLT"":0.019047619,""TIP"":0.019047619,""LQD"":0.019047619,""HYG"":0.019047619,""GLD"":0.019047619,""SLV"":0.019047619,""DBC"":0.019047619,""VNQ"":0.019047619,""UUP"":0.6,""BIL"":0.019047619}",2608debaa0c91343bc74b014
nl_baseline,rule,P4,P4,1.0,2011-05-04,1,0.0,"{""SPY"":0.0454545455,""QQQ"":0.0454545455,""IWM"":0.0454545455,""DIA"":0.0454545455,""EFA"":0.0454545455,""EEM"":0.0454545455,""VEA"":0.0454545455,""VWO"":0.0454545455,""AGG"":0.0454545455,""BND"":0.0454545455,""SHY"":0.0454545455,""IEF"":0.0454545455,""TLT"":0.0454545455,""TIP"":0.0454545455,""LQD"":0.0454545455,""HYG"":0.0454545455,""GLD"":0.0454545455,""SLV"":0.0454545455,""DBC"":0.0454545455,""VNQ"":0.0454545455,""UUP"":0.0454545455,""BIL"":0.0454545455}","{""SPY"":0.0454545455,""QQQ"":0.0454545455,""IWM"":0.0454545455,""DIA"":0.0454545455,""EFA"":0.0454545455,""EEM"":0.0454545455,""VEA"":0.0454545455,""VWO"":0.0454545455,""AGG"":0.0454545455,""BND"":0.0454545455,""SHY"":0.0454545455,""IEF"":0.0454545455,""TLT"":0.0454545455,""TIP"":0.0454545455,""LQD"":0.0454545455,""HYG"":0.0454545455,""GLD"":0.0454545455,""SLV"":0.0454545455,""DBC"":0.0454545455,""VNQ"":0.0454545455,""UUP"":0.0454545455,""BIL"":0.0454545455}",15f6e912896db21c19dec438
nl_baseline,tfidf,P4,P4,0.1676960851005751,2011-05-04,1,0.0,"{""SPY"":0.0454545455,""QQQ"":0.0454545455,""IWM"":0.0454545455,""DIA"":0.0454545455,""EFA"":0.0454545455,""EEM"":0.0454545455,""VEA"":0.0454545455,""VWO"":0.0454545455,""AGG"":0.0454545455,""BND"":0.0454545455,""SHY"":0.0454545455,""IEF"":0.0454545455,""TLT"":0.0454545455,""TIP"":0.0454545455,""LQD"":0.0454545455,""HYG"":0.0454545455,""GLD"":0.0454545455,""SLV"":0.0454545455,""DBC"":0.0454545455,""VNQ"":0.0454545455,""UUP"":0.0454545455,""BIL"":0.0454545455}","{""SPY"":0.0454545455,""QQQ"":0.0454545455,""IWM"":0.0454545455,""DIA"":0.0454545455,""EFA"":0.0454545455,""EEM"":0.0454545455,""VEA"":0.0454545455,""VWO"":0.0454545455,""AGG"":0.0454545455,""BND"":0.0454545455,""SHY"":0.0454545455,""IEF"":0.0454545455,""TLT"":0.0454545455,""TIP"":0.0454545455,""LQD"":0.0454545455,""HYG"":0.0454545455,""GLD"":0.0454545455,""SLV"":0.0454545455,""DBC"":0.0454545455,""VNQ"":0.0454545455,""UUP"":0.0454545455,""BIL"":0.0454545455}",ed49531fbd9c620552b72f18
nl_baseline,rule,P5,P5,1.0,2011-05-04,1,0.0,"{""SPY"":0.0201933908,""QQQ"":0.0336073805,""IWM"":1.301042607e-17,""DIA"":0.0473498019,""EFA"":0.0387911877,""EEM"":1.301042607e-17,""VEA"":0.0384151054,""VWO"":1.301042607e-17,""AGG"":0.1036046994,""BND"":0.0987638015,""SHY"":0.0837276824,""IEF"":0.0623448839,""TLT"":0.0514193047,""TIP"":0.0799092454,""LQD"":0.097761289,""HYG"":0.0428041811,""GLD"":0.0960425047,""SLV"":0.0096017304,""DBC"":1.301042607e-17,""VNQ"":0.0595554889,""UUP"":1.301042607e-17,""BIL"":0.0361083223}","{""SPY"":0.0201933908,""QQQ"":0.0336073805,""IWM"":1.301042607e-17,""DIA"":0.0473498019,""EFA"":0.0387911877,""EEM"":1.301042607e-17,""VEA"":0.0384151054,""VWO"":1.301042607e-17,""AGG"":0.1036046994,""BND"":0.0987638015,""SHY"":0.0837276824,""IEF"":0.0623448839,""TLT"":0.0514193047,""TIP"":0.0799092454,""LQD"":0.097761289,""HYG"":0.0428041811,""GLD"":0.0960425047,""SLV"":0.0096017304,""DBC"":1.301042607e-17,""VNQ"":0.0595554889,""UUP"":1.301042607e-17,""BIL"":0.0361083223}",c34a493b07f04693a50e95a0
nl_baseline,tfidf,P5,P5,0.23868052189612618,2011-05-04,1,0.0,"{""SPY"":0.0201933908,""QQQ"":0.0336073805,""IWM"":1.301042607e-17,""DIA"":0.0473498019,""EFA"":0.0387911877,""EEM"":1.301042607e-17,""VEA"":0.0384151054,""VWO"":1.301042607e-17,""AGG"":0.1036046994,""BND"":0.0987638015,""SHY"":0.0837276824,""IEF"":0.0623448839,""TLT"":0.0514193047,""TIP"":0.0799092454,""LQD"":0.097761289,""HYG"":0.0428041811,""GLD"":0.0960425047,""SLV"":0.0096017304,""DBC"":1.301042607e-17,""VNQ"":0.0595554889,""UUP"":1.301042607e-17,""BIL"":0.0361083223}","{""SPY"":0.0201933908,""QQQ"":0.0336073805,""IWM"":1.301042607e-17,""DIA"":0.0473498019,""EFA"":0.0387911877,""EEM"":1.301042607e-17,""VEA"":0.0384151054,""VWO"":1.301042607e-17,""AGG"":0.1036046994,""BND"":0.0987638015,""SHY"":0.0837276824,""IEF"":0.0623448839,""TLT"":0.0514193047,""TIP"":0.0799092454,""LQD"":0.097761289,""HYG"":0.0428041811,""GLD"":0.0960425047,""SLV"":0.0096017304,""DBC"":1.301042607e-17,""VNQ"":0.0595554889,""UUP"":1.301042607e-17,""BIL"":0.0361083223}",1198e869828951a0a4f3904c
nl_baseline,rule,P6,P6,1.0,2011-05-04,1,0.0,"{""SPY"":0.0221386531,""QQQ"":0.0805484767,""IWM"":0.0386237215,""DIA"":0.0992043859,""EFA"":0.0512629454,""EEM"":0.0312354315,""VEA"":0.0504181962,""VWO"":0.0341452244,""AGG"":0.0431818338,""BND"":0.0427289325,""SHY"":0.0479260881,""IEF"":0.0207677741,""TLT"":0.0045869819,""TIP"":0.0383291699,""LQD"":0.042865623,""HYG"":0.0525842105,""GLD"":0.1003210529,""SLV"":0.024480772,""DBC"":0.0588621323,""VNQ"":0.0641443891,""UUP"":0.0012966395,""BIL"":0.0503473656}","{""SPY"":0.0221386531,""QQQ"":0.0805484767,""IWM"":0.0386237215,""DIA"":0.0992043859,""EFA"":0.0512629454,""EEM"":0.0312354315,""VEA"":0.0504181962,""VWO"":0.0341452244,""AGG"":0.0431818338,""BND"":0.0427289325,""SHY"":0.0479260881,""IEF"":0.0207677741,""TLT"":0.0045869819,""TIP"":0.0383291699,""LQD"":0.042865623,""HYG"":0.0525842105,""GLD"":0.1003210529,""SLV"":0.024480772,""DBC"":0.0588621323,""VNQ"":0.0641443891,""UUP"":0.0012966395,""BIL"":0.0503473656}",a101a5f5f5917bced8add4f8
nl_baseline,tfidf,P6,P6,0.17823350988662123,2011-05-04,1,0.0,"{""SPY"":0.0221386531,""QQQ"":0.0805484767,""IWM"":0.0386237215,""DIA"":0.0992043859,""EFA"":0.0512629454,""EEM"":0.0312354315,""VEA"":0.0504181962,""VWO"":0.0341452244,""AGG"":0.0431818338,""BND"":0.0427289325,""SHY"":0.0479260881,""IEF"":0.0207677741,""TLT"":0.0045869819,""TIP"":0.0383291699,""LQD"":0.042865623,""HYG"":0.0525842105,""GLD"":0.1003210529,""SLV"":0.024480772,""DBC"":0.0588621323,""VNQ"":0.0641443891,""UUP"":0.0012966395,""BIL"":0.0503473656}","{""SPY"":0.0221386531,""QQQ"":0.0805484767,""IWM"":0.0386237215,""DIA"":0.0992043859,""EFA"":0.0512629454,""EEM"":0.0312354315,""VEA"":0.0504181962,""VWO"":0.0341452244,""AGG"":0.0431818338,""BND"":0.0427289325,""SHY"":0.0479260881,""IEF"":0.0207677741,""TLT"":0.0045869819,""TIP"":0.0383291699,""LQD"":0.042865623,""HYG"":0.0525842105,""GLD"":0.1003210529,""SLV"":0.024480772,""DBC"":0.0588621323,""VNQ"":0.0641443891,""UUP"":0.0012966395,""BIL"":0.0503473656}",6a6c881a5871c01035596b72
nl_baseline,rule,P1,P1,1.0,2011-07-05,1,0.0,"{""SPY"":0.019047619,""QQQ"":0.019047619,""IWM"":0.019047619,""DIA"":0.019047619,""EFA"":0.019047619,""EEM"":0.019047619,""VEA"":0.019047619,""VWO"":0.019047619,""AGG"":0.019047619,""BND"":0.019047619,""SHY"":0.019047619,""IEF"":0.019047619,""TLT"":0.019047619,""TIP"":0.019047619,""LQD"":0.019047619,""HYG"":0.019047619,""GLD"":0.019047619,""SLV"":0.6,""DBC"":0.019047619,""VNQ"":0.019047619,""UUP"":0.019047619,""BIL"":0.019047619}","{""SPY"":0.019047619,""QQQ"":0.019047619,""IWM"":0.019047619,""DIA"":0.019047619,""EFA"":0.019047619,""EEM"":0.019047619,""VEA"":0.019047619,""VWO"":0.019047619,""AGG"":0.019047619,""BND"":0.019047619,""SHY"":0.019047619,""IEF"":0.019047619,""TLT"":0.019047619,""TIP"":0.019047619,""LQD"":0.019047619,""HYG"":0.019047619,""GLD"":0.019047619,""SLV"":0.6,""DBC"":0.019047619,""VNQ"":0.019047619,""UUP"":0.019047619,""BIL"":0.019047619}",f5ee38ed8fab8e1144fbf59d
nl_baseline,tfidf,P1,P1,0.09272911026017053,2011-07-05,1,0.0,"{""SPY"":0.019047619,""QQQ"":0.019047619,""IWM"":0.019047619,""DIA"":0.019047619,""EFA"":0.019047619,""EEM"":0.019047619,""VEA"":0.019047619,""VWO"":0.019047619,""AGG"":0.019047619,""BND"":0.019047619,""SHY"":0.019047619,""IEF"":0.019047619,""TLT"":0.019047619,""TIP"":0.019047619,""LQD"":0.019047619,""HYG"":0.019047619,""GLD"":0.019047619,""SLV"":0.6,""DBC"":0.019047619,""VNQ"":0.019047619,""UUP"":0.019047619,""BIL"":0.019047619}","{""SPY"":0.019047619,""QQQ"":0.019047619,""IWM"":0.019047619,""DIA"":0.019047619,""EFA"":0.019047619,""EEM"":0.019047619,""VEA"":0.019047619,""VWO"":0.019047619,""AGG"":0.019047619,""BND"":0.019047619,""SHY"":0.019047619,""IEF"":0.019047619,""TLT"":0.019047619,""TIP"":0.019047619,""LQD"":0.019047619,""HYG"":0.019047619,""GLD"":0.019047619,""SLV"":0.6,""DBC"":0.019047619,""VNQ"":0.019047619,""UUP"":0.019047619,""BIL"":0.019047619}",1e1ca332dd12052167c56abf
nl_baseline,rule,P2,P2,1.0,2011-07-05,1,0.0,"{""SPY"":0.019047619,""QQQ"":0.019047619,""IWM"":0.019047619,""DIA"":0.019047619,""EFA"":0.019047619,""EEM"":0.019047619,""VEA"":0.019047619,""VWO"":0.019047619,""AGG"":0.019047619,""BND"":0.019047619,""SHY"":0.019047619,""IEF"":0.019047619,""TLT"":0.019047619,""TIP"":0.019047619,""LQD"":0.019047619,""HYG"":0.019047619,""GLD"":0.019047619,""SLV"":0.019047619,""DBC"":0.019047619,""VNQ"":0.019047619,""UUP"":0.019047619,""BIL"":0.6}","{""SPY"":0.019047619,""QQQ"":0.019047619,""IWM"":0.019047619,""DIA"":0.019047619,""EFA"":0.019047619,""EEM"":0.019047619,""VEA"":0.019047619,""VWO"":0.019047619,""AGG"":0.019047619,""BND"":0.019047619,""SHY"":0.019047619,""IEF"":0.019047619,""TLT"":0.019047619,""TIP"":0.019047619,""LQD"":0.019047619,""HYG"":0.019047619,""GLD"":0.019047619,""SLV"":0.019047619,""DBC"":0.019047619,""VNQ"":0.019047619,""UUP"":0.019047619,""BIL"":0.6}",83a638cd3a32eed168f9efcd
nl_baseline,tfidf,P2,P2,0.09977298455538249,2011-07-05,1,0.0,"{""SPY"":0.019047619,""QQQ"":0.019047619,""IWM"":0.019047619,""DIA"":0.019047619,""EFA"":0.019047619,""EEM"":0.019047619,""VEA"":0.019047619,""VWO"":0.019047619,""AGG"":0.019047619,""BND"":0.019047619,""SHY"":0.019047619,""IEF"":0.019047619,""TLT"":0.019047619,""TIP"":0.019047619,""LQD"":0.019047619,""HYG"":0.019047619,""GLD"":0.019047619,""SLV"":0.019047619,""DBC"":0.019047619,""VNQ"":0.019047619,""UUP"":0.019047619,""BIL"":0.6}","{""SPY"":0.019047619,""QQQ"":0.019047619,""IWM"":0.019047619,""DIA"":0.019047619,""EFA"":0.019047619,""EEM"":0.019047619,""VEA"":0.019047619,""VWO"":0.019047619,""AGG"":0.019047619,""BND"":0.019047619,""SHY"":0.019047619,""IEF"":0.019047619,""TLT"":0.019047619,""TIP"":0.019047619,""LQD"":0.019047619,""HYG"":0.019047619,""GLD"":0.019047619,""SLV"":0.019047619,""DBC"":0.019047619,""VNQ"":0.019047619,""UUP"":0.019047619,""BIL"":0.6}",32a3ce0aaaae5b1f42aa2307
nl_baseline,rule,P3,P3,1.0,2011-07-05,1,0.0,"{""SPY"":0.019047619,""QQQ"":0.019047619,""IWM"":0.019047619,""DIA"":0.019047619,""EFA"":0.019047619,""EEM"":0.019047619,""VEA"":0.019047619,""VWO"":0.019047619,""AGG"":0.019047619,""BND"":0.019047619,""SHY"":0.019047619,""IEF"":0.019047619,""TLT"":0.019047619,""TIP"":0.019047619,""LQD"":0.019047619,""HYG"":0.019047619,""GLD"":0.019047619,""SLV"":0.6,""DBC"":0.019047619,""VNQ"":0.019047619,""UUP"":0.019047619,""BIL"":0.019047619}","{""SPY"":0.019047619,""QQQ"":0.019047619,""IWM"":0.019047619,""DIA"":0.019047619,""EFA"":0.019047619,""EEM"":0.019047619,""VEA"":0.019047619,""VWO"":0.019047619,""AGG"":0.019047619,""BND"":0.019047619,""SHY"":0.019047619,""IEF"":0.019047619,""TLT"":0.019047619,""TIP"":0.019047619,""LQD"":0.019047619,""HYG"":0.019047619,""GLD"":0.019047619,""SLV"":0.6,""DBC"":0.019047619,""VNQ"":0.019047619,""UUP"":0.019047619,""BIL"":0.019047619}",6d7711dd3d721a3067b64b5a
nl_baseline,tfidf,P3,P3,0.10306444828113322,2011-07-05,1,0.0,"{""SPY"":0.019047619,""QQQ"":0.019047619,""IWM"":0.019047619,""DIA"":0.019047619,""EFA"":0.019047619,""EEM"":0.019047619,""VEA"":0.019047619,""VWO"":0.019047619,""AGG"":0.019047619,""BND"":0.019047619,""SHY"":0.019047619,""IEF"":0.019047619,""TLT"":0.019047619,""TIP"":0.019047619,""LQD"":0.019047619,""HYG"":0.019047619,""GLD"":0.019047619,""SLV"":0.6,""DBC"":0.019047619,""VNQ"":0.019047619,""UUP"":0.019047619,""BIL"":0.019047619}","{""SPY"":0.019047619,""QQQ"":0.019047619,""IWM"":0.019047619,""DIA"":0.019047619,""EFA"":0.019047619,""EEM"":0.019047619,""VEA"":0.019047619,""VWO"":0.019047619,""AGG"":0.019047619,""BND"":0.019047619,""SHY"":0.019047619,""IEF"":0.019047619,""TLT"":0.019047619,""TIP"":0.019047619,""LQD"":0.019047619,""HYG"":0.019047619,""GLD"":0.019047619,""SLV"":0.6,""DBC"":0.019047619,""VNQ"":0.019047619,""UUP"":0.019047619,""BIL"":0.019047619}",47e78ec70ad1c74f73005edc
nl_baseline,rule,P4,P4,1.0,2011-07-05,1,0.0,"{""SPY"":0.0454545455,""QQQ"":0.0454545455,""IWM"":0.0454545455,""DIA"":0.0454545455,""EFA"":0.0454545455,""EEM"":0.0454545455,""VEA"":0.0454545455,""VWO"":0.0454545455,""AGG"":0.0454545455,""BND"":0.0454545455,""SHY"":0.0454545455,""IEF"":0.0454545455,""TLT"":0.0454545455,""TIP"":0.0454545455,""LQD"":0.0454545455,""HYG"":0.0454545455,""GLD"":0.0454545455,""SLV"":0.0454545455,""DBC"":0.0454545455,""VNQ"":0.0454545455,""UUP"":0.0454545455,""BIL"":0.0454545455}","{""SPY"":0.0454545455,""QQQ"":0.0454545455,""IWM"":0.0454545455,""DIA"":0.0454545455,""EFA"":0.0454545455,""EEM"":0.0454545455,""VEA"":0.0454545455,""VWO"":0.0454545455,""AGG"":0.0454545455,""BND"":0.0454545455,""SHY"":0.0454545455,""IEF"":0.0454545455,""TLT"":0.0454545455,""TIP"":0.0454545455,""LQD"":0.0454545455,""HYG"":0.0454545455,""GLD"":0.0454545455,""SLV"":0.0454545455,""DBC"":0.0454545455,""VNQ"":0.0454545455,""UUP"":0.0454545455,""BIL"":0.0454545455}",271ee7a0b43cee7cd4c01631
nl_baseline,tfidf,P4,P4,0.1676960851005751,2011-07-05,1,0.0,"{""SPY"":0.0454545455,""QQQ"":0.0454545455,""IWM"":0.0454545455,""DIA"":0.0454545455,""EFA"":0.0454545455,""EEM"":0.0454545455,""VEA"":0.0454545455,""VWO"":0.0454545455,""AGG"":0.0454545455,""BND"":0.0454545455,""SHY"":0.0454545455,""IEF"":0.0454545455,""TLT"":0.0454545455,""TIP"":0.0454545455,""LQD"":0.0454545455,""HYG"":0.0454545455,""GLD"":0.0454545455,""SLV"":0.0454545455,""DBC"":0.0454545455,""VNQ"":0.0454545455,""UUP"":0.0454545455,""BIL"":0.0454545455}","{""SPY"":0.0454545455,""QQQ"":0.0454545455,""IWM"":0.0454545455,""DIA"":0.0454545455,""EFA"":0.0454545455,""EEM"":0.0454545455,""VEA"":0.0454545455,""VWO"":0.0454545455,""AGG"":0.0454545455,""BND"":0.0454545455,""SHY"":0.0454545455,""IEF"":0.0454545455,""TLT"":0.0454545455,""TIP"":0.0454545455,""LQD"":0.0454545455,""HYG"":0.0454545455,""GLD"":0.0454545455,""SLV"":0.0454545455,""DBC"":0.0454545455,""VNQ"":0.0454545455,""UUP"":0.0454545455,""BIL"":0.0454545455}",a8f6f03a886ff8ee44027363
nl_baseline,rule,P5,P5,1.0,2011-07-05,1,0.0,"{""SPY"":0.1355945204,""QQQ"":0.1279001543,""IWM"":0.1273279109,""DIA"":0.1655266149,""EFA"":0.0322405758,""EEM"":0.0455390226,""VEA"":0.0247902188,""VWO"":0.0335696346,""AGG"":5.204170428e-18,""BND"":5.204170428e-18,""SHY"":0.0198444226,""IEF"":5.204170428e-18,""TLT"":5.204170428e-18,""TIP"":0.0594337133,""LQD"":5.204170428e-18,""HYG"":0.0892396271,""GLD"":5.204170428e-18,""SLV"":5.204170428e-18,""DBC"":5.204170428e-18,""VNQ"":0.081408308,""UUP"":0.0575852768,""BIL"":5.204170428e-18}","{""SPY"":0.1355945204,""QQQ"":0.1279001543,""IWM"":0.1273279109,""DIA"":0.1655266149,""EFA"":0.0322405758,""EEM"":0.0455390226,""VEA"":0.0247902188,""VWO"":0.0335696346,""AGG"":5.204170428e-18,""BND"":5.204170428e-18,""SHY"":0.0198444226,""IEF"":5.204170428e-18,""TLT"":5.204170428e-18,""TIP"":0.0594337133,""LQD"":5.204170428e-18,""HYG"":0.0892396271,""GLD"":5.204170428e-18,""SLV"":5.204170428e-18,""DBC"":5.204170428e-18,""VNQ"":0.081408308,""UUP"":0.0575852768,""BIL"":5.204170428e-18}",8906598466e3e874912e92fb
nl_baseline,tfidf,P5,P5,0.23868052189612618,2011-07-05,1,0.0,"{""SPY"":0.1355945204,""QQQ"":0.1279001543,""IWM"":0.1273279109,""DIA"":0.1655266149,""EFA"":0.0322405758,""EEM"":0.0455390226,""VEA"":0.0247902188,""VWO"":0.0335696346,""AGG"":5.204170428e-18,""BND"":5.204170428e-18,""SHY"":0.0198444226,""IEF"":5.204170428e-18,""TLT"":5.204170428e-18,""TIP"":0.0594337133,""LQD"":5.204170428e-18,""HYG"":0.0892396271,""GLD"":5.204170428e-18,""SLV"":5.204170428e-18,""DBC"":5.204170428e-18,""VNQ"":0.081408308,""UUP"":0.0575852768,""BIL"":5.204170428e-18}","{""SPY"":0.1355945204,""QQQ"":0.1279001543,""IWM"":0.1273279109,""DIA"":0.1655266149,""EFA"":0.0322405758,""EEM"":0.0455390226,""VEA"":0.0247902188,""VWO"":0.0335696346,""AGG"":5.204170428e-18,""BND"":5.204170428e-18,""SHY"":0.0198444226,""IEF"":5.204170428e-18,""TLT"":5.204170428e-18,""TIP"":0.0594337133,""LQD"":5.204170428e-18,""HYG"":0.0892396271,""GLD"":5.204170428e-18,""SLV"":5.204170428e-18,""DBC"":5.204170428e-18,""VNQ"":0.081408308,""UUP"":0.0575852768,""BIL"":5.204170428e-18}",f876b9ba0937a64f49d4afb8
nl_baseline,rule,P6,P6,1.0,2011-07-05,1,0.0,"{""SPY"":0.1140008114,""QQQ"":0.1120574084,""IWM"":0.1009321056,""DIA"":0.1170302708,""EFA"":0.0443729947,""EEM"":0.0432685047,""VEA"":0.0448908317,""VWO"":0.0480994222,""AGG"":0.0223990913,""BND"":0.0222448209,""SHY"":0.0253145167,""IEF"":0.014596247,""TLT"":0.0027228839,""TIP"":0.0245082591,""LQD"":0.021896396,""HYG"":0.0273300734,""GLD"":0.0174915019,""SLV"":0.0008537626,""DBC"":0.0274572109,""VNQ"":0.1412847994,""UUP"":0.0011100079,""BIL"":0.0261380794}","{""SPY"":0.1140008114,""QQQ"":0.1120574084,""IWM"":0.1009321056,""DIA"":0.1170302708,""EFA"":0.0443729947,""EEM"":0.0432685047,""VEA"":0.0448908317,""VWO"":0.0480994222,""AGG"":0.0223990913,""BND"":0.0222448209,""SHY"":0.0253145167,""IEF"":0.014596247,""TLT"":0.0027228839,""TIP"":0.0245082591,""LQD"":0.021896396,""HYG"":0.0273300734,""GLD"":0.0174915019,""SLV"":0.0008537626,""DBC"":0.0274572109,""VNQ"":0.1412847994,""UUP"":0.0011100079,""BIL"":0.0261380794}",1ce31b2ffcaeb8598d6c90a1
nl_baseline,tfidf,P6,P6,0.17823350988662123,2011-07-05,1,0.0,"{""SPY"":0.1140008114,""QQQ"":0.1120574084,""IWM"":0.1009321056,""DIA"":0.1170302708,""EFA"":0.0443729947,""EEM"":0.0432685047,""VEA"":0.0448908317,""VWO"":0.0480994222,""AGG"":0.0223990913,""BND"":0.0222448209,""SHY"":0.0253145167,""IEF"":0.014596247,""TLT"":0.0027228839,""TIP"":0.0245082591,""LQD"":0.021896396,""HYG"":0.0273300734,""GLD"":0.0174915019,""SLV"":0.0008537626,""DBC"":0.0274572109,""VNQ"":0.1412847994,""UUP"":0.0011100079,""BIL"":0.0261380794}","{""SPY"":0.1140008114,""QQQ"":0.1120574084,""IWM"":0.1009321056,""DIA"":0.1170302708,""EFA"":0.0443729947,""EEM"":0.0432685047,""VEA"":0.0448908317,""VWO"":0.0480994222,""AGG"":0.0223990913,""BND"":0.0222448209,""SHY"":0.0253145167,""IEF"":0.014596247,""TLT"":0.0027228839,""TIP"":0.0245082591,""LQD"":0.021896396,""HYG"":0.0273300734,""GLD"":0.0174915019,""SLV"":0.0008537626,""DBC"":0.0274572109,""VNQ"":0.1412847994,""UUP"":0.0011100079,""BIL"":0.0261380794}",f1792e06d1f2e646425100ec
nl_baseline,rule,P1,P1,1.0,2011-09-01,1,0.0,"{""SPY"":0.019047619,""QQQ"":0.019047619,""IWM"":0.019047619,""DIA"":0.019047619,""EFA"":0.019047619,""EEM"":0.019047619,""VEA"":0.019047619,""VWO"":0.019047619,""AGG"":0.019047619,""BND"":0.019047619,""SHY"":0.019047619,""IEF"":0.019047619,""TLT"":0.019047619,""TIP"":0.019047619,""LQD"":0.019047619,""HYG"":0.019047619,""GLD"":0.019047619,""SLV"":0.6,""DBC"":0.019047619,""VNQ"":0.019047619,""UUP"":0.019047619,""BIL"":0.019047619}","{""SPY"":0.019047619,""QQQ"":0.019047619,""IWM"":0.019047619,""DIA"":0.019047619,""EFA"":0.019047619,""EEM"":0.019047619,""VEA"":0.019047619,""VWO"":0.019047619,""AGG"":0.019047619,""BND"":0.019047619,""SHY"":0.019047619,""IEF"":0.019047619,""TLT"":0.019047619,""TIP"":0.019047619,""LQD"":0.019047619,""HYG"":0.019047619,""GLD"":0.019047619,""SLV"":0.6,""DBC"":0.019047619,""VNQ"":0.019047619,""UUP"":0.019047619,""BIL"":0.019047619}",de4b1eecb3666c6f022e5077
nl_baseline,tfidf,P1,P1,0.09272911026017053,2011-09-01,1,0.0,"{""SPY"":0.019047619,""QQQ"":0.019047619,""IWM"":0.019047619,""DIA"":0.019047619,""EFA"":0.019047619,""EEM"":0.019047619,""VEA"":0.019047619,""VWO"":0.019047619,""AGG"":0.019047619,""BND"":0.019047619,""SHY"":0.019047619,""IEF"":0.019047619,""TLT"":0.019047619,""TIP"":0.019047619,""LQD"":0.019047619,""HYG"":0.019047619,""GLD"":0.019047619,""SLV"":0.6,""DBC"":0.019047619,""VNQ"":0.019047619,""UUP"":0.019047619,""BIL"":0.019047619}","{""SPY"":0.019047619,""QQQ"":0.019047619,""IWM"":0.019047619,""DIA"":0.019047619,""EFA"":0.019047619,""EEM"":0.019047619,""VEA"":0.019047619,""VWO"":0.019047619,""AGG"":0.019047619,""BND"":0.019047619,""SHY"":0.019047619,""IEF"":0.019047619,""TLT"":0.019047619,""TIP"":0.019047619,""LQD"":0.019047619,""HYG"":0.019047619,""GLD"":0.019047619,""SLV"":0.6,""DBC"":0.019047619,""VNQ"":0.019047619,""UUP"":0.019047619,""BIL"":0.019047619}",79be765236dd41c7e45d00e2
nl_baseline,rule,P2,P2,1.0,2011-09-01,1,0.0,"{""SPY"":0.019047619,""QQQ"":0.019047619,""IWM"":0.019047619,""DIA"":0.019047619,""EFA"":0.019047619,""EEM"":0.019047619,""VEA"":0.019047619,""VWO"":0.019047619,""AGG"":0.019047619,""BND"":0.019047619,""SHY"":0.019047619,""IEF"":0.019047619,""TLT"":0.019047619,""TIP"":0.019047619,""LQD"":0.019047619,""HYG"":0.019047619,""GLD"":0.019047619,""SLV"":0.019047619,""DBC"":0.019047619,""VNQ"":0.019047619,""UUP"":0.019047619,""BIL"":0.6}","{""SPY"":0.019047619,""QQQ"":0.019047619,""IWM"":0.019047619,""DIA"":0.019047619,""EFA"":0.019047619,""EEM"":0.019047619,""VEA"":0.019047619,""VWO"":0.019047619,""AGG"":0.019047619,""BND"":0.019047619,""SHY"":0.019047619,""IEF"":0.019047619,""TLT"":0.019047619,""TIP"":0.019047619,""LQD"":0.019047619,""HYG"":0.019047619,""GLD"":0.019047619,""SLV"":0.019047619,""DBC"":0.019047619,""VNQ"":0.019047619,""UUP"":0.019047619,""BIL"":0.6}",fa933bc65809decbb3db776e
nl_baseline,tfidf,P2,P2,0.09977298455538249,2011-09-01,1,0.0,"{""SPY"":0.019047619,""QQQ"":0.019047619,""IWM"":0.019047619,""DIA"":0.019047619,""EFA"":0.019047619,""EEM"":0.019047619,""VEA"":0.019047619,""VWO"":0.019047619,""AGG"":0.019047619,""BND"":0.019047619,""SHY"":0.019047619,""IEF"":0.019047619,""TLT"":0.019047619,""TIP"":0.019047619,""LQD"":0.019047619,""HYG"":0.019047619,""GLD"":0.019047619,""SLV"":0.019047619,""DBC"":0.019047619,""VNQ"":0.019047619,""UUP"":0.019047619,""BIL"":0.6}","{""SPY"":0.019047619,""QQQ"":0.019047619,""IWM"":0.019047619,""DIA"":0.019047619,""EFA"":0.019047619,""EEM"":0.019047619,""VEA"":0.019047619,""VWO"":0.019047619,""AGG"":0.019047619,""BND"":0.019047619,""SHY"":0.019047619,""IEF"":0.019047619,""TLT"":0.019047619,""TIP"":0.019047619,""LQD"":0.019047619,""HYG"":0.019047619,""GLD"":0.019047619,""SLV"":0.019047619,""DBC"":0.019047619,""VNQ"":0.019047619,""UUP"":0.019047619,""BIL"":0.6}",1297ebf8786332b9dd0d8b9f
nl_baseline,rule,P3,P3,1.0,2011-09-01,1,0.0,"{""SPY"":0.019047619,""QQQ"":0.019047619,""IWM"":0.6,""DIA"":0.019047619,""EFA"":0.019047619,""EEM"":0.019047619,""VEA"":0.019047619,""VWO"":0.019047619,""AGG"":0.019047619,""BND"":0.019047619,""SHY"":0.019047619,""IEF"":0.019047619,""TLT"":0.019047619,""TIP"":0.019047619,""LQD"":0.019047619,""HYG"":0.019047619,""GLD"":0.019047619,""SLV"":0.019047619,""DBC"":0.019047619,""VNQ"":0.019047619,""UUP"":0.019047619,""BIL"":0.019047619}","{""SPY"":0.019047619,""QQQ"":0.019047619,""IWM"":0.6,""DIA"":0.019047619,""EFA"":0.019047619,""EEM"":0.019047619,""VEA"":0.019047619,""VWO"":0.019047619,""AGG"":0.019047619,""BND"":0.019047619,""SHY"":0.019047619,""IEF"":0.019047619,""TLT"":0.019047619,""TIP"":0.019047619,""LQD"":0.019047619,""HYG"":0.019047619,""GLD"":0.019047619,""SLV"":0.019047619,""DBC"":0.019047619,""VNQ"":0.019047619,""UUP"":0.019047619,""BIL"":0.019047619}",6653102ba4971d0075159eb9
nl_baseline,tfidf,P3,P3,0.10306444828113322,2011-09-01,1,0.0,"{""SPY"":0.019047619,""QQQ"":0.019047619,""IWM"":0.6,""DIA"":0.019047619,""EFA"":0.019047619,""EEM"":0.019047619,""VEA"":0.019047619,""VWO"":0.019047619,""AGG"":0.019047619,""BND"":0.019047619,""SHY"":0.019047619,""IEF"":0.019047619,""TLT"":0.019047619,""TIP"":0.019047619,""LQD"":0.019047619,""HYG"":0.019047619,""GLD"":0.019047619,""SLV"":0.019047619,""DBC"":0.019047619,""VNQ"":0.019047619,""UUP"":0.019047619,""BIL"":0.019047619}","{""SPY"":0.019047619,""QQQ"":0.019047619,""IWM"":0.6,""DIA"":0.019047619,""EFA"":0.019047619,""EEM"":0.019047619,""VEA"":0.019047619,""VWO"":0.019047619,""AGG"":0.019047619,""BND"":0.019047619,""SHY"":0.019047619,""IEF"":0.019047619,""TLT"":0.019047619,""TIP"":0.019047619,""LQD"":0.019047619,""HYG"":0.019047619,""GLD"":0.019047619,""SLV"":0.019047619,""DBC"":0.019047619,""VNQ"":0.019047619,""UUP"":0.019047619,""BIL"":0.019047619}",366facc3159524b1ab404da9
nl_baseline,rule,P4,P4,1.0,2011-09-01,1,0.0,"{""SPY"":0.0454545455,""QQQ"":0.0454545455,""IWM"":0.0454545455,""DIA"":0.0454545455,""EFA"":0.0454545455,""EEM"":0.0454545455,""VEA"":0.0454545455,""VWO"":0.0454545455,""AGG"":0.0454545455,""BND"":0.0454545455,""SHY"":0.0454545455,""IEF"":0.0454545455,""TLT"":0.0454545455,""TIP"":0.0454545455,""LQD"":0.0454545455,""HYG"":0.0454545455,""GLD"":0.0454545455,""SLV"":0.0454545455,""DBC"":0.0454545455,""VNQ"":0.0454545455,""UUP"":0.0454545455,""BIL"":0.0454545455}","{""SPY"":0.0454545455,""QQQ"":0.0454545455,""IWM"":0.0454545455,""DIA"":0.0454545455,""EFA"":0.0454545455,""EEM"":0.0454545455,""VEA"":0.0454545455,""VWO"":0.0454545455,""AGG"":0.0454545455,""BND"":0.0454545455,""SHY"":0.0454545455,""IEF"":0.0454545455,""TLT"":0.0454545455,""TIP"":0.0454545455,""LQD"":0.0454545455,""HYG"":0.0454545455,""GLD"":0.0454545455,""SLV"":0.0454545455,""DBC"":0.0454545455,""VNQ"":0.0454545455,""UUP"":0.0454545455,""BIL"":0.0454545455}",ef2279b46e63cf25fa6b6569
nl_baseline,tfidf,P4,P4,0.1676960851005751,2011-09-01,1,0.0,"{""SPY"":0.0454545455,""QQQ"":0.0454545455,""IWM"":0.0454545455,""DIA"":0.0454545455,""EFA"":0.0454545455,""EEM"":0.0454545455,""VEA"":0.0454545455,""VWO"":0.0454545455,""AGG"":0.0454545455,""BND"":0.0454545455,""SHY"":0.0454545455,""IEF"":0.0454545455,""TLT"":0.0454545455,""TIP"":0.0454545455,""LQD"":0.0454545455,""HYG"":0.0454545455,""GLD"":0.0454545455,""SLV"":0.0454545455,""DBC"":0.0454545455,""VNQ"":0.0454545455,""UUP"":0.0454545455,""BIL"":0.0454545455}","{""SPY"":0.0454545455,""QQQ"":0.0454545455,""IWM"":0.0454545455,""DIA"":0.0454545455,""EFA"":0.0454545455,""EEM"":0.0454545455,""VEA"":0.0454545455,""VWO"":0.0454545455,""AGG"":0.0454545455,""BND"":0.0454545455,""SHY"":0.0454545455,""IEF"":0.0454545455,""TLT"":0.0454545455,""TIP"":0.0454545455,""LQD"":0.0454545455,""HYG"":0.0454545455,""GLD"":0.0454545455,""SLV"":0.0454545455,""DBC"":0.0454545455,""VNQ"":0.0454545455,""UUP"":0.0454545455,""BIL"":0.0454545455}",dc1cebaffca3804dc32cb1f7
nl_baseline,rule,P5,P5,1.0,2011-09-01,1,0.0,"{""SPY"":1.387778781e-17,""QQQ"":1.387778781e-17,""IWM"":1.387778781e-17,""DIA"":1.387778781e-17,""EFA"":1.387778781e-17,""EEM"":1.387778781e-17,""VEA"":1.387778781e-17,""VWO"":1.387778781e-17,""AGG"":0.0984458394,""BND"":0.1158863995,""SHY"":0.1401929265,""IEF"":0.1904434935,""TLT"":0.1446730604,""TIP"":0.059539682,""LQD"":1.387778781e-17,""HYG"":1.387778781e-17,""GLD"":0.2194568546,""SLV"":1.387778781e-17,""DBC"":0.0096529753,""VNQ"":1.387778781e-17,""UUP"":0.0217087688,""BIL"":1.387778781e-17}","{""SPY"":1.387778781e-17,""QQQ"":1.387778781e-17,""IWM"":1.387778781e-17,""DIA"":1.387778781e-17,""EFA"":1.387778781e-17,""EEM"":1.387778781e-17,""VEA"":1.387778781e-17,""VWO"":1.387778781e-17,""AGG"":0.0984458394,""BND"":0.1158863995,""SHY"":0.1401929265,""IEF"":0.1904434935,""TLT"":0.1446730604,""TIP"":0.059539682,""LQD"":1.387778781e-17,""HYG"":1.387778781e-17,""GLD"":0.2194568546,""SLV"":1.387778781e-17,""DBC"":0.0096529753,""VNQ"":1.387778781e-17,""UUP"":0.0217087688,""BIL"":1.387778781e-17}",867b92371a309542536859aa
nl_baseline,tfidf,P5,P5,0.23868052189612618,2011-09-01,1,0.0,"{""SPY"":1.387778781e-17,""QQQ"":1.387778781e-17,""IWM"":1.387778781e-17,""DIA"":1.387778781e-17,""EFA"":1.387778781e-17,""EEM"":1.387778781e-17,""VEA"":1.387778781e-17,""VWO"":1.387778781e-17,""AGG"":0.0984458394,""BND"":0.1158863995,""SHY"":0.1401929265,""IEF"":0.1904434935,""TLT"":0.1446730604,""TIP"":0.059539682,""LQD"":1.387778781e-17,""HYG"":1.387778781e-17,""GLD"":0.2194568546,""SLV"":1.387778781e-17,""DBC"":0.0096529753,""VNQ"":1.387778781e-17,""UUP"":0.0217087688,""BIL"":1.387778781e-17}","{""SPY"":1.387778781e-17,""QQQ"":1.387778781e-17,""IWM"":1.387778781e-17,""DIA"":1.387778781e-17,""EFA"":1.387778781e-17,""EEM"":1.387778781e-17,""VEA"":1.387778781e-17,""VWO"":1.387778781e-17,""AGG"":0.0984458394,""BND"":0.1158863995,""SHY"":0.1401929265,""IEF"":0.1904434935,""TLT"":0.1446730604,""TIP"":0.059539682,""LQD"":1.387778781e-17,""HYG"":1.387778781e-17,""GLD"":0.2194568546,""SLV"":1.387778781e-17,""DBC"":0.0096529753,""VNQ"":1.387778781e-17,""UUP"":0.0217087688,""BIL"":1.387778781e-17}",26f86d1d80051f2b9a94f976
nl_baseline,rule,P6,P6,1.0,2011-09-01,1,0.0,"{""SPY"":0.0109447725,""QQQ"":0.0184396337,""IWM"":0.0028603161,""DIA"":0.0175395572,""EFA"":0.0006972732,""EEM"":0.000884776,""VEA"":0.0007216165,""VWO"":0.0010872914,""AGG"":0.0386068491,""BND"":0.0391748459,""SHY"":0.0463272946,""IEF"":0.1213837431,""TLT"":0.0363908317,""TIP"":0.1130367692,""LQD"":0.0263527008,""HYG"":0.0131786561,""GLD"":0.1702600008,""SLV"":0.2037167857,""DBC"":0.084011198,""VNQ"":0.0065654535,""UUP"":0.0021980162,""BIL"":0.0456216188}","{""SPY"":0.0109447725,""QQQ"":0.0184396337,""IWM"":0.0028603161,""DIA"":0.0175395572,""EFA"":0.0006972732,""EEM"":0.000884776,""VEA"":0.0007216165,""VWO"":0.0010872914,""AGG"":0.0386068491,""BND"":0.0391748459,""SHY"":0.0463272946,""IEF"":0.1213837431,""TLT"":0.0363908317,""TIP"":0.1130367692,""LQD"":0.0263527008,""HYG"":0.0131786561,""GLD"":0.1702600008,""SLV"":0.2037167857,""DBC"":0.084011198,""VNQ"":0.0065654535,""UUP"":0.0021980162,""BIL"":0.0456216188}",d5a193f545404975cd198a1b
nl_baseline,tfidf,P6,P6,0.17823350988662123,2011-09-01,1,0.0,"{""SPY"":0.0109447725,""QQQ"":0.0184396337,""IWM"":0.0028603161,""DIA"":0.0175395572,""EFA"":0.0006972732,""EEM"":0.000884776,""VEA"":0.0007216165,""VWO"":0.0010872914,""AGG"":0.0386068491,""BND"":0.0391748459,""SHY"":0.0463272946,""IEF"":0.1213837431,""TLT"":0.0363908317,""TIP"":0.1130367692,""LQD"":0.0263527008,""HYG"":0.0131786561,""GLD"":0.1702600008,""SLV"":0.2037167857,""DBC"":0.084011198,""VNQ"":0.0065654535,""UUP"":0.0021980162,""BIL"":0.0456216188}","{""SPY"":0.0109447725,""QQQ"":0.0184396337,""IWM"":0.0028603161,""DIA"":0.0175395572,""EFA"":0.0006972732,""EEM"":0.000884776,""VEA"":0.0007216165,""VWO"":0.0010872914,""AGG"":0.0386068491,""BND"":0.0391748459,""SHY"":0.0463272946,""IEF"":0.1213837431,""TLT"":0.0363908317,""TIP"":0.1130367692,""LQD"":0.0263527008,""HYG"":0.0131786561,""GLD"":0.1702600008,""SLV"":0.2037167857,""DBC"":0.084011198,""VNQ"":0.0065654535,""UUP"":0.0021980162,""BIL"":0.0456216188}",1ae577f9e3d525cef0acc4d6
nl_baseline,rule,P1,P1,1.0,2011-11-01,1,0.0,"{""SPY"":0.019047619,""QQQ"":0.019047619,""IWM"":0.019047619,""DIA"":0.019047619,""EFA"":0.019047619,""EEM"":0.019047619,""VEA"":0.019047619,""VWO"":0.019047619,""AGG"":0.019047619,""BND"":0.019047619,""SHY"":0.019047619,""IEF"":0.019047619,""TLT"":0.019047619,""TIP"":0.019047619,""LQD"":0.019047619,""HYG"":0.019047619,""GLD"":0.019047619,""SLV"":0.6,""DBC"":0.019047619,""VNQ"":0.019047619,""UUP"":0.019047619,""BIL"":0.019047619}","{""SPY"":0.019047619,""QQQ"":0.019047619,""IWM"":0.019047619,""DIA"":0.019047619,""EFA"":0.019047619,""EEM"":0.019047619,""VEA"":0.019047619,""VWO"":0.019047619,""AGG"":0.019047619,""BND"":0.019047619,""SHY"":0.019047619,""IEF"":0.019047619,""TLT"":0.019047619,""TIP"":0.019047619,""LQD"":0.019047619,""HYG"":0.019047619,""GLD"":0.019047619,""SLV"":0.6,""DBC"":0.019047619,""VNQ"":0.019047619,""UUP"":0.019047619,""BIL"":0.019047619}",5645248c1964a885ac8561c1
nl_baseline,tfidf,P1,P1,0.09272911026017053,2011-11-01,1,0.0,"{""SPY"":0.019047619,""QQQ"":0.019047619,""IWM"":0.019047619,""DIA"":0.019047619,""EFA"":0.019047619,""EEM"":0.019047619,""VEA"":0.019047619,""VWO"":0.019047619,""AGG"":0.019047619,""BND"":0.019047619,""SHY"":0.019047619,""IEF"":0.019047619,""TLT"":0.019047619,""TIP"":0.019047619,""LQD"":0.019047619,""HYG"":0.019047619,""GLD"":0.019047619,""SLV"":0.6,""DBC"":0.019047619,""VNQ"":0.019047619,""UUP"":0.019047619,""BIL"":0.019047619}","{""SPY"":0.019047619,""QQQ"":0.019047619,""IWM"":0.019047619,""DIA"":0.019047619,""EFA"":0.019047619,""EEM"":0.019047619,""VEA"":0.019047619,""VWO"":0.019047619,""AGG"":0.019047619,""BND"":0.019047619,""SHY"":0.019047619,""IEF"":0.019047619,""TLT"":0.019047619,""TIP"":0.019047619,""LQD"":0.019047619,""HYG"":0.019047619,""GLD"":0.019047619,""SLV"":0.6,""DBC"":0.019047619,""VNQ"":0.019047619,""UUP"":0.019047619,""BIL"":0.019047619}",a874c732cf56d43f39553e46
nl_baseline,rule,P2,P2,1.0,2011-11-01,1,0.0,"{""SPY"":0.019047619,""QQQ"":0.019047619,""IWM"":0.019047619,""DIA"":0.019047619,""EFA"":0.019047619,""EEM"":0.019047619,""VEA"":0.019047619,""VWO"":0.019047619,""AGG"":0.019047619,""BND"":0.019047619,""SHY"":0.019047619,""IEF"":0.019047619,""TLT"":0.019047619,""TIP"":0.019047619,""LQD"":0.019047619,""HYG"":0.019047619,""GLD"":0.019047619,""SLV"":0.019047619,""DBC"":0.019047619,""VNQ"":0.019047619,""UUP"":0.019047619,""BIL"":0.6}","{""SPY"":0.019047619,""QQQ"":0.019047619,""IWM"":0.019047619,""DIA"":0.019047619,""EFA"":0.019047619,""EEM"":0.019047619,""VEA"":0.019047619,""VWO"":0.019047619,""AGG"":0.019047619,""BND"":0.019047619,""SHY"":0.019047619,""IEF"":0.019047619,""TLT"":0.019047619,""TIP"":0.019047619,""LQD"":0.019047619,""HYG"":0.019047619,""GLD"":0.019047619,""SLV"":0.019047619,""DBC"":0.019047619,""VNQ"":0.019047619,""UUP"":0.019047619,""BIL"":0.6}",1b1b6e1c6cfacb300bf1a0b2
nl_baseline,tfidf,P2,P2,0.09977298455538249,2011-11-01,1,0.0,"{""SPY"":0.019047619,""QQQ"":0.019047619,""IWM"":0.019047619,""DIA"":0.019047619,""EFA"":0.019047619,""EEM"":0.019047619,""VEA"":0.019047619,""VWO"":0.019047619,""AGG"":0.019047619,""BND"":0.019047619,""SHY"":0.019047619,""IEF"":0.019047619,""TLT"":0.019047619,""TIP"":0.019047619,""LQD"":0.019047619,""HYG"":0.019047619,""GLD"":0.019047619,""SLV"":0.019047619,""DBC"":0.019047619,""VNQ"":0.019047619,""UUP"":0.019047619,""BIL"":0.6}","{""SPY"":0.019047619,""QQQ"":0.019047619,""IWM"":0.019047619,""DIA"":0.019047619,""EFA"":0.019047619,""EEM"":0.019047619,""VEA"":0.019047619,""VWO"":0.019047619,""AGG"":0.019047619,""BND"":0.019047619,""SHY"":0.019047619,""IEF"":0.019047619,""TLT"":0.019047619,""TIP"":0.019047619,""LQD"":0.019047619,""HYG"":0.019047619,""GLD"":0.019047619,""SLV"":0.019047619,""DBC"":0.019047619,""VNQ"":0.019047619,""UUP"":0.019047619,""BIL"":0.6}",f6cc0f758afa4eba5b82dd91
nl_baseline,rule,P3,P3,1.0,2011-11-01,1,0.0,"{""SPY"":0.019047619,""QQQ"":0.019047619,""IWM"":0.019047619,""DIA"":0.019047619,""EFA"":0.019047619,""EEM"":0.019047619,""VEA"":0.019047619,""VWO"":0.019047619,""AGG"":0.019047619,""BND"":0.019047619,""SHY"":0.019047619,""IEF"":0.019047619,""TLT"":0.019047619,""TIP"":0.019047619,""LQD"":0.019047619,""HYG"":0.019047619,""GLD"":0.019047619,""SLV"":0.6,""DBC"":0.019047619,""VNQ"":0.019047619,""UUP"":0.019047619,""BIL"":0.019047619}","{""SPY"":0.019047619,""QQQ"":0.019047619,""IWM"":0.019047619,""DIA"":0.019047619,""EFA"":0.019047619,""EEM"":0.019047619,""VEA"":0.019047619,""VWO"":0.019047619,""AGG"":0.019047619,""BND"":0.019047619,""SHY"":0.019047619,""IEF"":0.019047619,""TLT"":0.019047619,""TIP"":0.019047619,""LQD"":0.019047619,""HYG"":0.019047619,""GLD"":0.019047619,""SLV"":0.6,""DBC"":0.019047619,""VNQ"":0.019047619,""UUP"":0.019047619,""BIL"":0.019047619}",959d0db652dc6d5dd106133e
nl_baseline,tfidf,P3,P3,0.10306444828113322,2011-11-01,1,0.0,"{""SPY"":0.019047619,""QQQ"":0.019047619,""IWM"":0.019047619,""DIA"":0.019047619,""EFA"":0.019047619,""EEM"":0.019047619,""VEA"":0.019047619,""VWO"":0.019047619,""AGG"":0.019047619,""BND"":0.019047619,""SHY"":0.019047619,""IEF"":0.019047619,""TLT"":0.019047619,""TIP"":0.019047619,""LQD"":0.019047619,""HYG"":0.019047619,""GLD"":0.019047619,""SLV"":0.6,""DBC"":0.019047619,""VNQ"":0.019047619,""UUP"":0.019047619,""BIL"":0.019047619}","{""SPY"":0.019047619,""QQQ"":0.019047619,""IWM"":0.019047619,""DIA"":0.019047619,""EFA"":0.019047619,""EEM"":0.019047619,""VEA"":0.019047619,""VWO"":0.019047619,""AGG"":0.019047619,""BND"":0.019047619,""SHY"":0.019047619,""IEF"":0.019047619,""TLT"":0.019047619,""TIP"":0.019047619,""LQD"":0.019047619,""HYG"":0.019047619,""GLD"":0.019047619,""SLV"":0.6,""DBC"":0.019047619,""VNQ"":0.019047619,""UUP"":0.019047619,""BIL"":0.019047619}",817ebbe5258ccb8adddff5a5
nl_baseline,rule,P4,P4,1.0,2011-11-01,1,0.0,"{""SPY"":0.0454545455,""QQQ"":0.0454545455,""IWM"":0.0454545455,""DIA"":0.0454545455,""EFA"":0.0454545455,""EEM"":0.0454545455,""VEA"":0.0454545455,""VWO"":0.0454545455,""AGG"":0.0454545455,""BND"":0.0454545455,""SHY"":0.0454545455,""IEF"":0.0454545455,""TLT"":0.0454545455,""TIP"":0.0454545455,""LQD"":0.0454545455,""HYG"":0.0454545455,""GLD"":0.0454545455,""SLV"":0.0454545455,""DBC"":0.0454545455,""VNQ"":0.0454545455,""UUP"":0.0454545455,""BIL"":0.0454545455}","{""SPY"":0.0454545455,""QQQ"":0.0454545455,""IWM"":0.0454545455,""DIA"":0.0454545455,""EFA"":0.0454545455,""EEM"":0.0454545455,""VEA"":0.0454545455,""VWO"":0.0454545455,""AGG"":0.0454545455,""BND"":0.0454545455,""SHY"":0.0454545455,""IEF"":0.0454545455,""TLT"":0.0454545455,""TIP"":0.0454545455,""LQD"":0.0454545455,""HYG"":0.0454545455,""GLD"":0.0454545455,""SLV"":0.0454545455,""DBC"":0.0454545455,""VNQ"":0.0454545455,""UUP"":0.0454545455,""BIL"":0.0454545455}",3aeace3e3dd26d4fb389441d
nl_baseline,tfidf,P4,P4,0.1676960851005751,2011-11-01,1,0.0,"{""SPY"":0.0454545455,""QQQ"":0.0454545455,""IWM"":0.0454545455,""DIA"":0.0454545455,""EFA"":0.0454545455,""EEM"":0.0454545455,""VEA"":0.0454545455,""VWO"":0.0454545455,""AGG"":0.0454545455,""BND"":0.0454545455,""SHY"":0.0454545455,""IEF"":0.0454545455,""TLT"":0.0454545455,""TIP"":0.0454545455,""LQD"":0.0454545455,""HYG"":0.0454545455,""GLD"":0.0454545455,""SLV"":0.0454545455,""DBC"":0.0454545455,""VNQ"":0.0454545455,""UUP"":0.0454545455,""BIL"":0.0454545455}","{""SPY"":0.0454545455,""QQQ"":0.0454545455,""IWM"":0.0454545455,""DIA"":0.0454545455,""EFA"":0.0454545455,""EEM"":0.0454545455,""VEA"":0.0454545455,""VWO"":0.0454545455,""AGG"":0.0454545455,""BND"":0.0454545455,""SHY"":0.0454545455,""IEF"":0.0454545455,""TLT"":0.0454545455,""TIP"":0.0454545455,""LQD"":0.0454545455,""HYG"":0.0454545455,""GLD"":0.0454545455,""SLV"":0.0454545455,""DBC"":0.0454545455,""VNQ"":0.0454545455,""UUP"":0.0454545455,""BIL"":0.0454545455}",c76a20cbff50091ee1181473
nl_baseline,rule,P5,P5,1.0,2011-11-01,1,0.0,"{""SPY"":0.0710605554,""QQQ"":0.0688376021,""IWM"":0.0795256891,""DIA"":0.068834336,""EFA"":0.0469614206,""EEM"":0.0764068939,""VEA"":0.0459078303,""VWO"":0.0760713983,""AGG"":0.0086460333,""BND"":0.0123783338,""SHY"":0.0073609401,""IEF"":1.040834086e-17,""TLT"":1.040834086e-17,""TIP"":0.0514949252,""LQD"":0.0758676287,""HYG"":0.090061998,""GLD"":0.0312479079,""SLV"":0.0395853873,""DBC"":0.0688784358,""VNQ"":0.0808726843,""UUP"":1.040834086e-17,""BIL"":1.040834086e-17}","{""SPY"":0.0710605554,""QQQ"":0.0688376021,""IWM"":0.0795256891,""DIA"":0.068834336,""EFA"":0.0469614206,""EEM"":0.0764068939,""VEA"":0.0459078303,""VWO"":0.0760713983,""AGG"":0.0086460333,""BND"":0.0123783338,""SHY"":0.0073609401,""IEF"":1.040834086e-17,""TLT"":1.040834086e-17,""TIP"":0.0514949252,""LQD"":0.0758676287,""HYG"":0.090061998,""GLD"":0.0312479079,""SLV"":0.0395853873,""DBC"":0.0688784358,""VNQ"":0.0808726843,""UUP"":1.040834086e-17,""BIL"":1.040834086e-17}",3999a743aa13006d6098d13b
nl_baseline,tfidf,P5,P5,0.23868052189612618,2011-11-01,1,0.0,"{""SPY"":0.0710605554,""QQQ"":0.0688376021,""IWM"":0.0795256891,""DIA"":0.068834336,""EFA"":0.0469614206,""EEM"":0.0764068939,""VEA"":0.0459078303,""VWO"":0.0760713983,""AGG"":0.0086460333,""BND"":0.0123783338,""SHY"":0.0073609401,""IEF"":1.040834086e-17,""TLT"":1.040834086e-17,""TIP"":0.0514949252,""LQD"":0.0758676287,""HYG"":0.090061998,""GLD"":0.0312479079,""SLV"":0.0395853873,""DBC"":0.0688784358,""VNQ"":0.0808726843,""UUP"":1.040834086e-17,""BIL"":1.040834086e-17}","{""SPY"":0.0710605554,""QQQ"":0.0688376021,""IWM"":0.0795256891,""DIA"":0.068834336,""EFA"":0.0469614206,""EEM"":0.0764068939,""VEA"":0.0459078303,""VWO"":0.0760713983,""AGG"":0.0086460333,""BND"":0.0123783338,""SHY"":0.0073609401,""IEF"":1.040834086e-17,""TLT"":1.040834086e-17,""TIP"":0.0514949252,""LQD"":0.0758676287,""HYG"":0.090061998,""GLD"":0.0312479079,""SLV"":0.0395853873,""DBC"":0.0688784358,""VNQ"":0.0808726843,""UUP"":1.040834086e-17,""BIL"":1.040834086e-17}",02707779e65a5dd0dfb1a16e
nl_baseline,rule,P6,P6,1.0,2011-11-01,1,0.0,"{""SPY"":0.0026554512,""QQQ"":0.0203877984,""IWM"":0.0005640316,""DIA"":0.0178423861,""EFA"":0.0002386935,""EEM"":0.0001240963,""VEA"":0.0002262478,""VWO"":0.0001374918,""AGG"":0.1294557616,""BND"":0.130913694,""SHY"":0.0300045583,""IEF"":0.1165102673,""TLT"":0.1145594934,""TIP"":0.1454930926,""LQD"":0.1237999902,""HYG"":0.0104405843,""GLD"":0.1019351831,""SLV"":0.0019737075,""DBC"":0.0188166587,""VNQ"":0.0015977366,""UUP"":0.0040159594,""BIL"":0.0283071164}","{""SPY"":0.0026554512,""QQQ"":0.0203877984,""IWM"":0.0005640316,""DIA"":0.0178423861,""EFA"":0.0002386935,""EEM"":0.0001240963,""VEA"":0.0002262478,""VWO"":0.0001374918,""AGG"":0.1294557616,""BND"":0.130913694,""SHY"":0.0300045583,""IEF"":0.1165102673,""TLT"":0.1145594934,""TIP"":0.1454930926,""LQD"":0.1237999902,""HYG"":0.0104405843,""GLD"":0.1019351831,""SLV"":0.0019737075,""DBC"":0.0188166587,""VNQ"":0.0015977366,""UUP"":0.0040159594,""BIL"":0.0283071164}",5146d8b55332e2169a4500be
nl_baseline,tfidf,P6,P6,0.17823350988662123,2011-11-01,1,0.0,"{""SPY"":0.0026554512,""QQQ"":0.0203877984,""IWM"":0.0005640316,""DIA"":0.0178423861,""EFA"":0.0002386935,""EEM"":0.0001240963,""VEA"":0.0002262478,""VWO"":0.0001374918,""AGG"":0.1294557616,""BND"":0.130913694,""SHY"":0.0300045583,""IEF"":0.1165102673,""TLT"":0.1145594934,""TIP"":0.1454930926,""LQD"":0.1237999902,""HYG"":0.0104405843,""GLD"":0.1019351831,""SLV"":0.0019737075,""DBC"":0.0188166587,""VNQ"":0.0015977366,""UUP"":0.0040159594,""BIL"":0.0283071164}","{""SPY"":0.0026554512,""QQQ"":0.0203877984,""IWM"":0.0005640316,""DIA"":0.0178423861,""EFA"":0.0002386935,""EEM"":0.0001240963,""VEA"":0.0002262478,""VWO"":0.0001374918,""AGG"":0.1294557616,""BND"":0.130913694,""SHY"":0.0300045583,""IEF"":0.1165102673,""TLT"":0.1145594934,""TIP"":0.1454930926,""LQD"":0.1237999902,""HYG"":0.0104405843,""GLD"":0.1019351831,""SLV"":0.0019737075,""DBC"":0.0188166587,""VNQ"":0.0015977366,""UUP"":0.0040159594,""BIL"":0.0283071164}",3e9ecc0299a534c71e99860d
nl_baseline,rule,P1,P1,1.0,2012-01-03,1,0.0,"{""SPY"":0.019047619,""QQQ"":0.019047619,""IWM"":0.019047619,""DIA"":0.019047619,""EFA"":0.019047619,""EEM"":0.019047619,""VEA"":0.019047619,""VWO"":0.019047619,""AGG"":0.019047619,""BND"":0.019047619,""SHY"":0.019047619,""IEF"":0.019047619,""TLT"":0.6,""TIP"":0.019047619,""LQD"":0.019047619,""HYG"":0.019047619,""GLD"":0.019047619,""SLV"":0.019047619,""DBC"":0.019047619,""VNQ"":0.019047619,""UUP"":0.019047619,""BIL"":0.019047619}","{""SPY"":0.019047619,""QQQ"":0.019047619,""IWM"":0.019047619,""DIA"":0.019047619,""EFA"":0.019047619,""EEM"":0.019047619,""VEA"":0.019047619,""VWO"":0.019047619,""AGG"":0.019047619,""BND"":0.019047619,""SHY"":0.019047619,""IEF"":0.019047619,""TLT"":0.6,""TIP"":0.019047619,""LQD"":0.019047619,""HYG"":0.019047619,""GLD"":0.019047619,""SLV"":0.019047619,""DBC"":0.019047619,""VNQ"":0.019047619,""UUP"":0.019047619,""BIL"":0.019047619}",8a2a35ea3ef7744f0406f4b5
nl_baseline,tfidf,P1,P1,0.09272911026017053,2012-01-03,1,0.0,"{""SPY"":0.019047619,""QQQ"":0.019047619,""IWM"":0.019047619,""DIA"":0.019047619,""EFA"":0.019047619,""EEM"":0.019047619,""VEA"":0.019047619,""VWO"":0.019047619,""AGG"":0.019047619,""BND"":0.019047619,""SHY"":0.019047619,""IEF"":0.019047619,""TLT"":0.6,""TIP"":0.019047619,""LQD"":0.019047619,""HYG"":0.019047619,""GLD"":0.019047619,""SLV"":0.019047619,""DBC"":0.019047619,""VNQ"":0.019047619,""UUP"":0.019047619,""BIL"":0.019047619}","{""SPY"":0.019047619,""QQQ"":0.019047619,""IWM"":0.019047619,""DIA"":0.019047619,""EFA"":0.019047619,""EEM"":0.019047619,""VEA"":0.019047619,""VWO"":0.019047619,""AGG"":0.019047619,""BND"":0.019047619,""SHY"":0.019047619,""IEF"":0.019047619,""TLT"":0.6,""TIP"":0.019047619,""LQD"":0.019047619,""HYG"":0.019047619,""GLD"":0.019047619,""SLV"":0.019047619,""DBC"":0.019047619,""VNQ"":0.019047619,""UUP"":0.019047619,""BIL"":0.019047619}",055aa80fa424b872a05d4c6c
nl_baseline,rule,P2,P2,1.0,2012-01-03,1,0.0,"{""SPY"":0.019047619,""QQQ"":0.019047619,""IWM"":0.019047619,""DIA"":0.019047619,""EFA"":0.019047619,""EEM"":0.019047619,""VEA"":0.019047619,""VWO"":0.019047619,""AGG"":0.019047619,""BND"":0.019047619,""SHY"":0.019047619,""IEF"":0.019047619,""TLT"":0.019047619,""TIP"":0.019047619,""LQD"":0.019047619,""HYG"":0.019047619,""GLD"":0.019047619,""SLV"":0.019047619,""DBC"":0.019047619,""VNQ"":0.019047619,""UUP"":0.019047619,""BIL"":0.6}","{""SPY"":0.019047619,""QQQ"":0.019047619,""IWM"":0.019047619,""DIA"":0.019047619,""EFA"":0.019047619,""EEM"":0.019047619,""VEA"":0.019047619,""VWO"":0.019047619,""AGG"":0.019047619,""BND"":0.019047619,""SHY"":0.019047619,""IEF"":0.019047619,""TLT"":0.019047619,""TIP"":0.019047619,""LQD"":0.019047619,""HYG"":0.019047619,""GLD"":0.019047619,""SLV"":0.019047619,""DBC"":0.019047619,""VNQ"":0.019047619,""UUP"":0.019047619,""BIL"":0.6}",faa1edc1e4ae26f198b4fc4d
nl_baseline,tfidf,P2,P2,0.09977298455538249,2012-01-03,1,0.0,"{""SPY"":0.019047619,""QQQ"":0.019047619,""IWM"":0.019047619,""DIA"":0.019047619,""EFA"":0.019047619,""EEM"":0.019047619,""VEA"":0.019047619,""VWO"":0.019047619,""AGG"":0.019047619,""BND"":0.019047619,""SHY"":0.019047619,""IEF"":0.019047619,""TLT"":0.019047619,""TIP"":0.019047619,""LQD"":0.019047619,""HYG"":0.019047619,""GLD"":0.019047619,""SLV"":0.019047619,""DBC"":0.019047619,""VNQ"":0.019047619,""UUP"":0.019047619,""BIL"":0.6}","{""SPY"":0.019047619,""QQQ"":0.019047619,""IWM"":0.019047619,""DIA"":0.019047619,""EFA"":0.019047619,""EEM"":0.019047619,""VEA"":0.019047619,""VWO"":0.019047619,""AGG"":0.019047619,""BND"":0.019047619,""SHY"":0.019047619,""IEF"":0.019047619,""TLT"":0.019047619,""TIP"":0.019047619,""LQD"":0.019047619,""HYG"":0.019047619,""GLD"":0.019047619,""SLV"":0.019047619,""DBC"":0.019047619,""VNQ"":0.019047619,""UUP"":0.019047619,""BIL"":0.6}",cd8c0b2989e449386c23d17f
nl_baseline,rule,P3,P3,1.0,2012-01-03,1,0.0,"{""SPY"":0.019047619,""QQQ"":0.019047619,""IWM"":0.019047619,""DIA"":0.019047619,""EFA"":0.019047619,""EEM"":0.019047619,""VEA"":0.019047619,""VWO"":0.019047619,""AGG"":0.019047619,""BND"":0.019047619,""SHY"":0.019047619,""IEF"":0.019047619,""TLT"":0.019047619,""TIP"":0.019047619,""LQD"":0.019047619,""HYG"":0.019047619,""GLD"":0.6,""SLV"":0.019047619,""DBC"":0.019047619,""VNQ"":0.019047619,""UUP"":0.019047619,""BIL"":0.019047619}","{""SPY"":0.019047619,""QQQ"":0.019047619,""IWM"":0.019047619,""DIA"":0.019047619,""EFA"":0.019047619,""EEM"":0.019047619,""VEA"":0.019047619,""VWO"":0.019047619,""AGG"":0.019047619,""BND"":0.019047619,""SHY"":0.019047619,""IEF"":0.019047619,""TLT"":0.019047619,""TIP"":0.019047619,""LQD"":0.019047619,""HYG"":0.019047619,""GLD"":0.6,""SLV"":0.019047619,""DBC"":0.019047619,""VNQ"":0.019047619,""UUP"":0.019047619,""BIL"":0.019047619}",eb59f2572eeb89f5eb6a2c43
nl_baseline,tfidf,P3,P3,0.10306444828113322,2012-01-03,1,0.0,"{""SPY"":0.019047619,""QQQ"":0.019047619,""IWM"":0.019047619,""DIA"":0.019047619,""EFA"":0.019047619,""EEM"":0.019047619,""VEA"":0.019047619,""VWO"":0.019047619,""AGG"":0.019047619,""BND"":0.019047619,""SHY"":0.019047619,""IEF"":0.019047619,""TLT"":0.019047619,""TIP"":0.019047619,""LQD"":0.019047619,""HYG"":0.019047619,""GLD"":0.6,""SLV"":0.019047619,""DBC"":0.019047619,""VNQ"":0.019047619,""UUP"":0.019047619,""BIL"":0.019047619}","{""SPY"":0.019047619,""QQQ"":0.019047619,""IWM"":0.019047619,""DIA"":0.019047619,""EFA"":0.019047619,""EEM"":0.019047619,""VEA"":0.019047619,""VWO"":0.019047619,""AGG"":0.019047619,""BND"":0.019047619,""SHY"":0.019047619,""IEF"":0.019047619,""TLT"":0.019047619,""TIP"":0.019047619,""LQD"":0.019047619,""HYG"":0.019047619,""GLD"":0.6,""SLV"":0.019047619,""DBC"":0.019047619,""VNQ"":0.019047619,""UUP"":0.019047619,""BIL"":0.019047619}",8cc8b1180815764a5924cd51
nl_baseline,rule,P4,P4,1.0,2012-01-03,1,0.0,"{""SPY"":0.0454545455,""QQQ"":0.0454545455,""IWM"":0.0454545455,""DIA"":0.0454545455,""EFA"":0.0454545455,""EEM"":0.0454545455,""VEA"":0.0454545455,""VWO"":0.0454545455,""AGG"":0.0454545455,""BND"":0.0454545455,""SHY"":0.0454545455,""IEF"":0.0454545455,""TLT"":0.0454545455,""TIP"":0.0454545455,""LQD"":0.0454545455,""HYG"":0.0454545455,""GLD"":0.0454545455,""SLV"":0.0454545455,""DBC"":0.0454545455,""VNQ"":0.0454545455,""UUP"":0.0454545455,""BIL"":0.0454545455}","{""SPY"":0.0454545455,""QQQ"":0.0454545455,""IWM"":0.0454545455,""DIA"":0.0454545455,""EFA"":0.0454545455,""EEM"":0.0454545455,""VEA"":0.0454545455,""VWO"":0.0454545455,""AGG"":0.0454545455,""BND"":0.0454545455,""SHY"":0.0454545455,""IEF"":0.0454545455,""TLT"":0.0454545455,""TIP"":0.0454545455,""LQD"":0.0454545455,""HYG"":0.0454545455,""GLD"":0.0454545455,""SLV"":0.0454545455,""DBC"":0.0454545455,""VNQ"":0.0454545455,""UUP"":0.0454545455,""BIL"":0.0454545455}",961dc25a0ea5bc4fe2464ba4
nl_baseline,tfidf,P4,P4,0.1676960851005751,2012-01-03,1,0.0,"{""SPY"":0.0454545455,""QQQ"":0.0454545455,""IWM"":0.0454545455,""DIA"":0.0454545455,""EFA"":0.0454545455,""EEM"":0.0454545455,""VEA"":0.0454545455,""VWO"":0.0454545455,""AGG"":0.0454545455,""BND"":0.0454545455,""SHY"":0.0454545455,""IEF"":0.0454545455,""TLT"":0.0454545455,""TIP"":0.0454545455,""LQD"":0.0454545455,""HYG"":0.0454545455,""GLD"":0.0454545455,""SLV"":0.0454545455,""DBC"":0.0454545455,""VNQ"":0.0454545455,""UUP"":0.0454545455,""BIL"":0.0454545455}","{""SPY"":0.0454545455,""QQQ"":0.0454545455,""IWM"":0.0454545455,""DIA"":0.0454545455,""EFA"":0.0454545455,""EEM"":0.0454545455,""VEA"":0.0454545455,""VWO"":0.0454545455,""AGG"":0.0454545455,""BND"":0.0454545455,""SHY"":0.0454545455,""IEF"":0.0454545455,""TLT"":0.0454545455,""TIP"":0.0454545455,""LQD"":0.0454545455,""HYG"":0.0454545455,""GLD"":0.0454545455,""SLV"":0.0454545455,""DBC"":0.0454545455,""VNQ"":0.0454545455,""UUP"":0.0454545455,""BIL"":0.0454545455}",50e0755ebf98f8e08378eeff
nl_baseline,rule,P5,P5,1.0,2012-01-03,1,0.0,"{""SPY"":0.0426688784,""QQQ"":0.009517603,""IWM"":0.0319983279,""DIA"":0.0568699531,""EFA"":0.0163223336,""EEM"":6.938893904e-18,""VEA"":0.0182521949,""VWO"":6.938893904e-18,""AGG"":0.1389065611,""BND"":0.0988611044,""SHY"":6.938893904e-18,""IEF"":0.067101013,""TLT"":0.044111696,""TIP"":0.0112736002,""LQD"":0.2164470947,""HYG"":0.1145309906,""GLD"":6.938893904e-18,""SLV"":6.938893904e-18,""DBC"":0.0074952185,""VNQ"":0.0842300536,""UUP"":0.041413377,""BIL"":6.938893904e-18}","{""SPY"":0.0426688784,""QQQ"":0.009517603,""IWM"":0.0319983279,""DIA"":0.0568699531,""EFA"":0.0163223336,""EEM"":6.938893904e-18,""VEA"":0.0182521949,""VWO"":6.938893904e-18,""AGG"":0.1389065611,""BND"":0.0988611044,""SHY"":6.938893904e-18,""IEF"":0.067101013,""TLT"":0.044111696,""TIP"":0.0112736002,""LQD"":0.2164470947,""HYG"":0.1145309906,""GLD"":6.938893904e-18,""SLV"":6.938893904e-18,""DBC"":0.0074952185,""VNQ"":0.0842300536,""UUP"":0.041413377,""BIL"":6.938893904e-18}",3916abbf4b454c54a5f69498
nl_baseline,tfidf,P5,P5,0.23868052189612618,2012-01-03,1,0.0,"{""SPY"":0.0426688784,""QQQ"":0.009517603,""IWM"":0.0319983279,""DIA"":0.0568699531,""EFA"":0.0163223336,""EEM"":6.938893904e-18,""VEA"":0.0182521949,""VWO"":6.938893904e-18,""AGG"":0.1389065611,""BND"":0.0988611044,""SHY"":6.938893904e-18,""IEF"":0.067101013,""TLT"":0.044111696,""TIP"":0.0112736002,""LQD"":0.2164470947,""HYG"":0.1145309906,""GLD"":6.938893904e-18,""SLV"":6.938893904e-18,""DBC"":0.0074952185,""VNQ"":0.0842300536,""UUP"":0.041413377,""BIL"":6.938893904e-18}","{""SPY"":0.0426688784,""QQQ"":0.009517603,""IWM"":0.0319983279,""DIA"":0.0568699531,""EFA"":0.0163223336,""EEM"":6.938893904e-18,""VEA"":0.0182521949,""VWO"":6.938893904e-18,""AGG"":0.1389065611,""BND"":0.0988611044,""SHY"":6.938893904e-18,""IEF"":0.067101013,""TLT"":0.044111696,""TIP"":0.0112736002,""LQD"":0.2164470947,""HYG"":0.1145309906,""GLD"":6.938893904e-18,""SLV"":6.938893904e-18,""DBC"":0.0074952185,""VNQ"":0.0842300536,""UUP"":0.041413377,""BIL"":6.938893904e-18}",90bbcc6e898d5c98cbc9ef40
nl_baseline,rule,P6,P6,1.0,2012-01-03,1,0.0,"{""SPY"":0.002672114,""QQQ"":0.0122774091,""IWM"":0.0003771048,""DIA"":0.0270043549,""EFA"":0.0001889172,""EEM"":0.0000582291,""VEA"":0.0001876954,""VWO"":0.00006602,""AGG"":0.1114885895,""BND"":0.1094442998,""SHY"":0.0209873015,""IEF"":0.1464428429,""TLT"":0.2214661484,""TIP"":0.1528905932,""LQD"":0.1015263463,""HYG"":0.0434878028,""GLD"":0.016313331,""SLV"":0.0000399702,""DBC"":0.0018343989,""VNQ"":0.0096323572,""UUP"":0.0029275066,""BIL"":0.0186866672}","{""SPY"":0.002672114,""QQQ"":0.0122774091,""IWM"":0.0003771048,""DIA"":0.0270043549,""EFA"":0.0001889172,""EEM"":0.0000582291,""VEA"":0.0001876954,""VWO"":0.00006602,""AGG"":0.1114885895,""BND"":0.1094442998,""SHY"":0.0209873015,""IEF"":0.1464428429,""TLT"":0.2214661484,""TIP"":0.1528905932,""LQD"":0.1015263463,""HYG"":0.0434878028,""GLD"":0.016313331,""SLV"":0.0000399702,""DBC"":0.0018343989,""VNQ"":0.0096323572,""UUP"":0.0029275066,""BIL"":0.0186866672}",5bb77cc6d7cc3a39d40c2651
nl_baseline,tfidf,P6,P6,0.17823350988662123,2012-01-03,1,0.0,"{""SPY"":0.002672114,""QQQ"":0.0122774091,""IWM"":0.0003771048,""DIA"":0.0270043549,""EFA"":0.0001889172,""EEM"":0.0000582291,""VEA"":0.0001876954,""VWO"":0.00006602,""AGG"":0.1114885895,""BND"":0.1094442998,""SHY"":0.0209873015,""IEF"":0.1464428429,""TLT"":0.2214661484,""TIP"":0.1528905932,""LQD"":0.1015263463,""HYG"":0.0434878028,""GLD"":0.016313331,""SLV"":0.0000399702,""DBC"":0.0018343989,""VNQ"":0.0096323572,""UUP"":0.0029275066,""BIL"":0.0186866672}","{""SPY"":0.002672114,""QQQ"":0.0122774091,""IWM"":0.0003771048,""DIA"":0.0270043549,""EFA"":0.0001889172,""EEM"":0.0000582291,""VEA"":0.0001876954,""VWO"":0.00006602,""AGG"":0.1114885895,""BND"":0.1094442998,""SHY"":0.0209873015,""IEF"":0.1464428429,""TLT"":0.2214661484,""TIP"":0.1528905932,""LQD"":0.1015263463,""HYG"":0.0434878028,""GLD"":0.016313331,""SLV"":0.0000399702,""DBC"":0.0018343989,""VNQ"":0.0096323572,""UUP"":0.0029275066,""BIL"":0.0186866672}",b257c433b8d45f7a83e580ce
