Fold,Strategy,Sharpe,Sortino,CAGR,Vol,MDD,TO
1,EQUAL,0.565295845665252,0.9000507248424117,0.04579424324684367,0.08571272341889516,-0.09636187384474437,0.006640957561434716
1,RiskParity,0.8287856919908527,1.333212589433762,0.039763740711178386,0.04846869900442441,-0.061570646842982524,0.006505910512650159
1,MVP,0.23839657323048866,0.34575939722685967,0.004597264624164099,0.020085554401154438,-0.029091562390630377,0.006296980709934886
1,MOM6,0.5395655247409753,0.8144922871721104,0.05747912304833824,0.11610984966936812,-0.16672865661093628,0.011133169903611222
1,SHARPE,0.7179747115596575,1.1086310074110146,0.07016569151574181,0.1016719579281419,-0.13816468537431104,0.01114325205868036
1,CODED_P1,0.398465850380403,0.5670543081641115,0.05939391214590062,0.19105863106043283,-0.30015829054897225,0.011583715961275075
1,CODED_P2,0.5463484947802639,0.8683167366137832,0.01901495778274187,0.03563966410843237,-0.0412131902283035,0.003811701229321022
1,CODED_P3,0.01056341520320033,0.01603633465326784,-0.006664608213037937,0.12650257995067987,-0.2549864123114063,0.01303982738538858
1,CODED_P4,0.565295845665252,0.9000507248424117,0.04579424324684367,0.08571272341889516,-0.09636187384474437,0.006640957561434716
1,CODED_P5,0.5864436700171842,0.9120540021975918,0.06218743823110229,0.11397442171796902,-0.15781382209121764,0.011242274353202138
1,NLPI[llama3.1:8b|P1],0.7073487104463777,1.07953601266414,0.07981810067088846,0.11853311878141154,-0.15809290131965703,0.010369599792672613
1,NLPI[llama3.1:8b|P2],0.5463484947802639,0.8683167366137832,0.01901495778274187,0.03563966410843237,-0.0412131902283035,0.003811701229321022
1,NLPI[llama3.1:8b|P3],0.10876205816781788,0.16520824842530943,0.005856504059286838,0.11973955929886705,-0.15597868889511646,0.004784341086332115
1,NLPI[llama3.1:8b|P4],0.565295845665252,0.9000507248424117,0.04579424324684367,0.08571272341889516,-0.09636187384474437,0.006640957561434716
1,NLPI[llama3.1:8b|P5],0.565295845665252,0.9000507248424117,0.04579424324684367,0.08571272341889516,-0.09636187384474437,0.006640957561434716
1,NLPI[gemma3:270m|P1],0.8770063778789529,1.3834010118308517,0.1093193151191112,0.1276132122569186,-0.14870484406473827,0.004130179602213668
1,NLPI[gemma3:270m|P2],0.5463484947802639,0.8683167366137832,0.01901495778274187,0.03563966410843237,-0.0412131902283035,0.003811701229321022
1,NLPI[gemma3:270m|P3],0.5063305222171461,0.876312716698142,0.030930426304081715,0.06423296914281011,-0.08650316132797864,0.005522449867321579
1,NLPI[gemma3:270m|P4],0.565295845665252,0.9000507248424117,0.04579424324684367,0.08571272341889516,-0.09636187384474437,0.006640957561434716
1,NLPI[gemma3:270m|P5],0.565295845665252,0.9000507248424117,0.04579424324684367,0.08571272341889516,-0.09636187384474437,0.006640957561434716
1,NLPI[gemma3:1b|P1],0.8770063778789529,1.3834010118308517,0.1093193151191112,0.1276132122569186,-0.14870484406473827,0.004130179602213668
1,NLPI[gemma3:1b|P2],0.5463484947802639,0.8683167366137832,0.01901495778274187,0.03563966410843237,-0.0412131902283035,0.003811701229321022
1,NLPI[gemma3:1b|P3],0.24612915916116984,0.4202558163552058,0.008239814910908194,0.03596521950498308,-0.05302261495234262,0.004817272533031536
1,NLPI[gemma3:1b|P4],0.565295845665252,0.9000507248424117,0.04579424324684367,0.08571272341889516,-0.09636187384474437,0.006640957561434716
1,NLPI[gemma3:1b|P5],0.565295845665252,0.9000507248424117,0.04579424324684367,0.08571272341889516,-0.09636187384474437,0.006640957561434716
2,EQUAL,0.4108514635669238,0.6814939228668683,0.024908174621235624,0.06502783552263366,-0.11200996496637661,0.005588226426288644
2,RiskParity,0.5275159048301941,0.85866867827064,0.02121163719142638,0.04141606137342122,-0.07438587251154061,0.005951708879170891
2,MVP,0.536667081510919,0.8308652672084658,0.007385192415776176,0.013890474716277168,-0.0203101818187722,0.006297182594595497
2,MOM6,0.3757236538711691,0.5946298967508757,0.025420527716247365,0.07412933598382433,-0.10430900120310782,0.010192075972986757
2,SHARPE,0.3453056259319752,0.5491106475028605,0.023108806775464785,0.07411905352193993,-0.10975416998326792,0.010240161624735051
2,CODED_P1,0.3269092435569526,0.5178336609007115,0.028710013521723088,0.10273674391623622,-0.1263834390766706,0.01029112553562069
2,CODED_P2,0.4004134758961167,0.6633087900884308,0.010595309619975568,0.027248373009657264,-0.048278459228207504,0.003177206532217915
2,CODED_P3,0.23347027666989076,0.39480660331398626,0.017046350138886224,0.0895431501587398,-0.18331550365430338,0.01175266500521948
2,CODED_P4,0.4108514635669238,0.6814939228668683,0.024908174621235624,0.06502783552263366,-0.11200996496637661,0.005588226426288644
2,CODED_P5,0.2759328406642426,0.4468072551138251,0.02066411524267986,0.08822841784524155,-0.14152744407297324,0.010365375449883764
2,NLPI[llama3.1:8b|P1],0.42740028909600297,0.6915218247491068,0.04107966246484529,0.10779280307822534,-0.13324024008614754,0.009223093046864991
2,NLPI[llama3.1:8b|P2],0.2153416446801685,0.3548135393702571,0.005316447020822457,0.026217421039945763,-0.05664607955811418,0.005361501636914167
2,NLPI[llama3.1:8b|P3],-0.7117594572614138,-1.1791747525278962,-0.08006325694156846,0.10890228385270996,-0.3969001498111231,0.00503831786000897
2,NLPI[llama3.1:8b|P4],0.4108514635669238,0.6814939228668683,0.024908174621235624,0.06502783552263366,-0.11200996496637661,0.005588226426288644
2,NLPI[llama3.1:8b|P5],0.4108514635669238,0.6814939228668683,0.024908174621235624,0.06502783552263366,-0.11200996496637661,0.005588226426288644
2,NLPI[gemma3:270m|P1],0.7379409476306481,1.1778029081872032,0.05768696774001403,0.0803895624386155,-0.11012453669034061,0.004823425795940229
2,NLPI[gemma3:270m|P2],0.4004134758961167,0.6633087900884308,0.010595309619975568,0.027248373009657264,-0.048278459228207504,0.003177206532217915
2,NLPI[gemma3:270m|P3],0.0319369980109514,0.05405908738223049,-0.0016127130359591124,0.09723859266692074,-0.15556859021858838,0.004851925048605746
2,NLPI[gemma3:270m|P4],0.4108514635669238,0.6814939228668683,0.024908174621235624,0.06502783552263366,-0.11200996496637661,0.005588226426288644
2,NLPI[gemma3:270m|P5],0.4108514635669238,0.6814939228668683,0.024908174621235624,0.06502783552263366,-0.11200996496637661,0.005588226426288644
2,NLPI[gemma3:1b|P1],0.9811690793444875,1.4820900083413024,0.08291908811745641,0.08487841352097152,-0.11545321452272383,0.005597278186767656
2,NLPI[gemma3:1b|P2],0.4004134758961167,0.6633087900884308,0.010595309619975568,0.027248373009657264,-0.048278459228207504,0.003177206532217915
2,NLPI[gemma3:1b|P3],-0.10145971730980963,-0.168187612511951,-0.0239154212328736,0.14087758774787593,-0.23121316253491808,0.0059593033457945544
2,NLPI[gemma3:1b|P4],0.4108514635669238,0.6814939228668683,0.024908174621235624,0.06502783552263366,-0.11200996496637661,0.005588226426288644
2,NLPI[gemma3:1b|P5],0.4108514635669238,0.6814939228668683,0.024908174621235624,0.06502783552263366,-0.11200996496637661,0.005588226426288644
3,EQUAL,1.3749872081232528,2.2320038034977165,0.07749730485822082,0.05540859848819675,-0.09129939985587121,0.004714381471045442
3,RiskParity,1.7476546632435068,2.8791581994581334,0.062088822825399514,0.03481831345172928,-0.05029718347752066,0.005121187224783073
3,MVP,1.9187127061779625,3.1607529027653776,0.029209144382747798,0.015065139962673613,-0.017185118103512642,0.006247105721634902
3,MOM6,1.0214166265680278,1.569294807353226,0.08331729435054003,0.08162667030997081,-0.14746752507061534,0.009145719841118317
3,SHARPE,0.9231401251675768,1.3696192847334359,0.05888379312835523,0.0642236163123956,-0.09917657596764207,0.009081734622778878
3,CODED_P1,0.7039552596921712,1.0909524970645297,0.06941061537445137,0.10285985113042329,-0.18115187585771397,0.009699200391504957
3,CODED_P2,1.7359936926652948,2.858875184537663,0.04096684888089208,0.023285775570594663,-0.03032561561420366,0.002693101266033094
3,CODED_P3,0.9760579439020232,1.675250046189296,0.07991271010334877,0.08223795591058619,-0.09314255184520315,0.01077044844836249
3,CODED_P4,1.3749872081232528,2.2320038034977165,0.07749730485822082,0.05540859848819675,-0.09129939985587121,0.004714381471045442
3,CODED_P5,1.1694468199552095,1.7557703234877013,0.06684917207021468,0.056717731906136395,-0.08256598434522755,0.009174546162251478
3,NLPI[llama3.1:8b|P1],0.7521077463071207,1.1912167964179974,0.07772235652346171,0.10717268139211165,-0.18788232806993976,0.005860304269067399
3,NLPI[llama3.1:8b|P2],1.5905285925353299,2.60576392324815,0.034511476124204465,0.021478397826502064,-0.026459822805283695,0.0047301575536231565
3,NLPI[llama3.1:8b|P3],0.48219558740392426,0.7794958651139675,0.04087791839422139,0.09183238964693476,-0.15148402383985116,0.0044152496042222595
3,NLPI[llama3.1:8b|P4],1.3749872081232528,2.2320038034977165,0.07749730485822082,0.05540859848819675,-0.09129939985587121,0.004714381471045442
3,NLPI[llama3.1:8b|P5],1.3749872081232528,2.2320038034977165,0.07749730485822082,0.05540859848819675,-0.09129939985587121,0.004714381471045442
3,NLPI[gemma3:270m|P1],0.9587824022502129,1.5985341906950403,0.08726370011219386,0.09165166363809332,-0.13919942492681137,0.005701987000159042
3,NLPI[gemma3:270m|P2],1.7359936926652948,2.858875184537663,0.04096684888089208,0.023285775570594663,-0.03032561561420366,0.002693101266033094
3,NLPI[gemma3:270m|P3],1.3062649608698804,2.281805481557779,0.0596007160646026,0.045101334561768576,-0.05782377046893794,0.0035184100644977843
3,NLPI[gemma3:270m|P4],1.3749872081232528,2.2320038034977165,0.07749730485822082,0.05540859848819675,-0.09129939985587121,0.004714381471045442
3,NLPI[gemma3:270m|P5],1.3749872081232528,2.2320038034977165,0.07749730485822082,0.05540859848819675,-0.09129939985587121,0.004714381471045442
3,NLPI[gemma3:1b|P1],0.9587824022502129,1.5985341906950403,0.08726370011219386,0.09165166363809332,-0.13919942492681137,0.005701987000159042
3,NLPI[gemma3:1b|P2],1.7359936926652948,2.858875184537663,0.04096684888089208,0.023285775570594663,-0.03032561561420366,0.002693101266033094
3,NLPI[gemma3:1b|P3],1.650154901754125,2.8918431884215337,0.044794921563425794,0.02677466426995037,-0.027379077224581883,0.006560025032584437
3,NLPI[gemma3:1b|P4],1.3749872081232528,2.2320038034977165,0.07749730485822082,0.05540859848819675,-0.09129939985587121,0.004714381471045442
3,NLPI[gemma3:1b|P5],1.3749872081232528,2.2320038034977165,0.07749730485822082,0.05540859848819675,-0.09129939985587121,0.004714381471045442
4,EQUAL,0.26816561668901057,0.39408140542342296,0.02504983361175306,0.11863573362973164,-0.18776959509898716,0.007643546666920147
4,RiskParity,0.15967634049174836,0.23173400915929115,0.00948914911645149,0.07849962885386755,-0.14599514306962358,0.007466853179136005
4,MVP,0.21416956420438618,0.32013859319782023,0.007176257838489075,0.036498264658747684,-0.0705888746173392,0.00778415714867837
4,MOM6,0.28836359250402516,0.41298312346340943,0.03478131040385257,0.1680867867976243,-0.2792859120021701,0.012332773915578585
4,SHARPE,0.40319326012822665,0.5895451488737885,0.04627559769428591,0.13491170539024142,-0.21579217074551382,0.012704071119789549
4,CODED_P1,0.5809499884996437,0.8859425646383647,0.088835731381951,0.17212857794707256,-0.21000891180216075,0.011624081325631292
4,CODED_P2,0.32239193456290355,0.47626275412680913,0.014629751622970977,0.0487392373014024,-0.07841645867594282,0.004620989425660336
4,CODED_P3,0.19300648771454781,0.3023363711398526,0.015636505702415926,0.11417719317717878,-0.2321296579136496,0.012462878703829694
4,CODED_P4,0.26816561668901057,0.39408140542342296,0.02504983361175306,0.11863573362973164,-0.18776959509898716,0.007643546666920147
4,CODED_P5,0.46144016561743184,0.6789071122091389,0.05495833356202673,0.13616953866104167,-0.217345221586836,0.012802540134686777
4,NLPI[llama3.1:8b|P1],0.49086394050062876,0.7523937356085302,0.08324406800011541,0.20668413944555958,-0.24966662750450852,0.014060254954058238
4,NLPI[llama3.1:8b|P2],0.284011080189345,0.43668321406320953,0.011028123900011844,0.041675096715821536,-0.07465979625735386,0.00689411666816232
4,NLPI[llama3.1:8b|P3],0.6585830668486897,0.9766240133408985,0.09726827527173332,0.16069118400921564,-0.2648812921268415,0.008204063413635394
4,NLPI[llama3.1:8b|P4],0.26816561668901057,0.39408140542342296,0.02504983361175306,0.11863573362973164,-0.18776959509898716,0.007643546666920147
4,NLPI[llama3.1:8b|P5],0.26816561668901057,0.39408140542342296,0.02504983361175306,0.11863573362973164,-0.18776959509898716,0.007643546666920147
4,NLPI[gemma3:270m|P1],0.3894843612523013,0.6203665008164194,0.06493980796553522,0.22933453445473703,-0.28234894032797764,0.009407185977832386
4,NLPI[gemma3:270m|P2],0.32239193456290355,0.47626275412680913,0.014629751622970977,0.0487392373014024,-0.07841645867594282,0.004620989425660336
4,NLPI[gemma3:270m|P3],0.2559682365070241,0.3943496554187219,0.03210805417598839,0.21129026935115944,-0.3116364625755138,0.009135100144040708
4,NLPI[gemma3:270m|P4],0.26816561668901057,0.39408140542342296,0.02504983361175306,0.11863573362973164,-0.18776959509898716,0.007643546666920147
4,NLPI[gemma3:270m|P5],0.26816561668901057,0.39408140542342296,0.02504983361175306,0.11863573362973164,-0.18776959509898716,0.007643546666920147
4,NLPI[gemma3:1b|P1],0.3270909646131627,0.48473511625115046,0.04831029782542817,0.2171709479017864,-0.3145232529308096,0.00989429974366225
4,NLPI[gemma3:1b|P2],0.32239193456290355,0.47626275412680913,0.014629751622970977,0.0487392373014024,-0.07841645867594282,0.004620989425660336
4,NLPI[gemma3:1b|P3],0.20408696199991125,0.3103293525954764,0.02081957445886462,0.2108736657897854,-0.31512917863408807,0.008081532593884545
4,NLPI[gemma3:1b|P4],0.26816561668901057,0.39408140542342296,0.02504983361175306,0.11863573362973164,-0.18776959509898716,0.007643546666920147
4,NLPI[gemma3:1b|P5],0.26816561668901057,0.39408140542342296,0.02504983361175306,0.11863573362973164,-0.18776959509898716,0.007643546666920147
5,EQUAL,1.5658491647565203,2.6707893060681633,0.1264469756986879,0.07799708374438583,-0.07489898595268174,0.005652871307086259
5,RiskParity,1.6287751557844627,2.796705696230798,0.0947492808135626,0.05656918272036841,-0.049764710835143,0.005802893036384535
5,MVP,2.575741523907681,4.646589068849089,0.07023149192011746,0.02649117459389944,-0.018373186932920116,0.007885111301443535
5,MOM6,1.4381666826100294,2.3935015028792646,0.1546589547440802,0.10375545891773601,-0.10804505053497993,0.01084554739658121
5,SHARPE,1.788733416454854,3.0409068956959207,0.09025644046994907,0.04898771398362402,-0.03925899822117607,0.009442590729671045
5,CODED_P1,1.3202854769732923,2.1916587888040553,0.16596105562170016,0.12194609732842059,-0.1374826666443404,0.01017724081668944
5,CODED_P2,2.400253197600411,4.207832516624876,0.0808810707758707,0.032629869583374035,-0.0284058507039755,0.0034390246222509376
5,CODED_P3,1.3763902542780797,2.2984844168737126,0.1161297673290389,0.08229472745771153,-0.10774907081172391,0.011162341025066014
5,CODED_P4,1.5658491647565203,2.6707893060681633,0.1264469756986879,0.07799708374438583,-0.07489898595268174,0.005652871307086259
5,CODED_P5,1.5433279392029728,2.6466597444682005,0.07148267453163215,0.045409769172146994,-0.03883577767992308,0.009364572409182285
5,NLPI[llama3.1:8b|P1],1.625744229712805,2.7804025738994635,0.2684050335565584,0.15356816898925746,-0.10556990207175387,0.01087776860333559
5,NLPI[llama3.1:8b|P2],2.2776429113981744,3.9915432521815766,0.07466603076884204,0.03184270811718382,-0.0284058507039755,0.004710195123805685
5,NLPI[llama3.1:8b|P3],0.9959840350454581,1.6895177402980375,0.12246179236138488,0.12368785634792548,-0.11445443002850308,0.010477978005707926
5,NLPI[llama3.1:8b|P4],1.5658491647565203,2.6707893060681633,0.1264469756986879,0.07799708374438583,-0.07489898595268174,0.005652871307086259
5,NLPI[llama3.1:8b|P5],1.5658491647565203,2.6707893060681633,0.1264469756986879,0.07799708374438583,-0.07489898595268174,0.005652871307086259
5,NLPI[gemma3:270m|P1],1.4550555693601128,2.516001512937199,0.29164598664958774,0.18812079468248913,-0.12789075689777862,0.0072513131641268125
5,NLPI[gemma3:270m|P2],2.400253197600411,4.207832516624876,0.0808810707758707,0.032629869583374035,-0.0284058507039755,0.0034390246222509376
5,NLPI[gemma3:270m|P3],1.4550555693601128,2.516001512937199,0.29164598664958774,0.18812079468248913,-0.12789075689777862,0.0072513131641268125
5,NLPI[gemma3:270m|P4],1.5658491647565203,2.6707893060681633,0.1264469756986879,0.07799708374438583,-0.07489898595268174,0.005652871307086259
5,NLPI[gemma3:270m|P5],1.5658491647565203,2.6707893060681633,0.1264469756986879,0.07799708374438583,-0.07489898595268174,0.005652871307086259
5,NLPI[gemma3:1b|P1],1.3342209136391667,2.2467990438783465,0.21300271999378517,0.15362356141095346,-0.12947407959439317,0.008306349432399463
5,NLPI[gemma3:1b|P2],2.400253197600411,4.207832516624876,0.0808810707758707,0.032629869583374035,-0.0284058507039755,0.0034390246222509376
5,NLPI[gemma3:1b|P3],1.169372194359967,1.9907047017533388,0.1386370589783792,0.11688525314820164,-0.12664743044410753,0.003949065164867066
5,NLPI[gemma3:1b|P4],1.5658491647565203,2.6707893060681633,0.1264469756986879,0.07799708374438583,-0.07489898595268174,0.005652871307086259
5,NLPI[gemma3:1b|P5],1.5658491647565203,2.6707893060681633,0.1264469756986879,0.07799708374438583,-0.07489898595268174,0.005652871307086259
ALL,EQUAL,0.7320012021526652,1.136581648287976,0.0592552516543432,0.08341561030628339,-0.18776959509898716,0.006047996686555041
ALL,RiskParity,0.8410238401368395,1.3013342565209836,0.04502220149673053,0.05411052224884893,-0.1459951430696228,0.006169710566424933
ALL,MVP,0.9791073685429461,1.5069059853993987,0.023422307899817252,0.023940132196813582,-0.07058887461733865,0.0069021074952574386
ALL,MOM6,0.6536611558925847,0.9762901090427246,0.07015419436605486,0.11368691734657911,-0.2792859120021699,0.010729857405975218
ALL,SHARPE,0.6662655005196958,0.9933908584474046,0.05749709021717919,0.09002431286880282,-0.2157921707455137,0.010522362031130977
ALL,CODED_P1,0.620306709654026,0.9313095821929402,0.08150434356881253,0.14287332834230881,-0.30015829054897225,0.010675072806144293
ALL,CODED_P2,0.9516243783412008,1.4897466322883821,0.03289469777798604,0.03464378207788914,-0.07841645867594293,0.0035484046150966605
ALL,CODED_P3,0.4729267868395005,0.7528160909944541,0.04341159906092362,0.10057268058226887,-0.27534561881096464,0.011837632113573252
ALL,CODED_P4,0.7320012021526652,1.136581648287976,0.0592552516543432,0.08341561030628339,-0.18776959509898716,0.006047996686555041
ALL,CODED_P5,0.615336563749118,0.9254136839121664,0.05507054399888367,0.09439690224641668,-0.21734522158683567,0.010589861701841289
ALL,NLPI[llama3.1:8b|P1],0.7809292407941417,1.227211203058633,0.1072996096471428,0.1438380468219551,-0.24966662750450863,0.010078204133199768
ALL,NLPI[llama3.1:8b|P2],0.8929389143262716,1.4275826843707005,0.028610808418545908,0.032172837497510196,-0.07465979625735308,0.00510153444236527
ALL,NLPI[llama3.1:8b|P3],0.33924500840222926,0.5299465790010454,0.03475047820365962,0.12310376358830032,-0.42343193744493013,0.006583989993981333
ALL,NLPI[llama3.1:8b|P4],0.7320012021526652,1.136581648287976,0.0592552516543432,0.08341561030628339,-0.18776959509898716,0.006047996686555041
ALL,NLPI[llama3.1:8b|P5],0.7320012021526652,1.136581648287976,0.0592552516543432,0.08341561030628339,-0.18776959509898716,0.006047996686555041
ALL,NLPI[gemma3:270m|P1],0.8061669768414267,1.2938168809312682,0.11903439521352799,0.15435084684011952,-0.2823489403279773,0.006262818308054428
ALL,NLPI[gemma3:270m|P2],0.9516243783412008,1.4897466322883821,0.03289469777798604,0.03464378207788914,-0.07841645867594293,0.0035484046150966605
ALL,NLPI[gemma3:270m|P3],0.6104659261421964,0.964881704838259,0.07772476284514696,0.13837061304891682,-0.3116364625755137,0.006055839657718526
ALL,NLPI[gemma3:270m|P4],0.7320012021526652,1.136581648287976,0.0592552516543432,0.08341561030628339,-0.18776959509898716,0.006047996686555041
ALL,NLPI[gemma3:270m|P5],0.7320012021526652,1.136581648287976,0.0592552516543432,0.08341561030628339,-0.18776959509898716,0.006047996686555041
ALL,NLPI[gemma3:1b|P1],0.7806044810290016,1.1975100490205228,0.10679660888642961,0.14324132515741841,-0.3145232529308096,0.006726018793040416
ALL,NLPI[gemma3:1b|P2],0.9516243783412008,1.4897466322883821,0.03289469777798604,0.03464378207788914,-0.07841645867594293,0.0035484046150966605
ALL,NLPI[gemma3:1b|P3],0.34551438788651756,0.5249327322931249,0.03629482719969168,0.12645491529939262,-0.3151291786340876,0.005873439734032428
ALL,NLPI[gemma3:1b|P4],0.7320012021526652,1.136581648287976,0.0592552516543432,0.08341561030628339,-0.18776959509898716,0.006047996686555041
ALL,NLPI[gemma3:1b|P5],0.7320012021526652,1.136581648287976,0.0592552516543432,0.08341561030628339,-0.18776959509898716,0.006047996686555041
