strategy,JSON_valid_rate,Repair_rate,Parse_fail_rate,Avg_projection_L1,Avg_projection_L2,Cap_clip_freq,Turnover_clip_freq,Avg_entropy,Avg_herfindahl,Equal_collapse_rate,Neg_weight_per_step,Over_cap_per_step,Hallucinated_ticker_per_call,Missing_asset_per_call,Invalid_weight_per_call,Negative_weight_per_call,Equal_fallback_rate,Avg_latency_sec,n_calls,n_steps,strategy_key,fold
EqStrategy,,,,1.1796119636642288e-16,2.5302493859865028e-17,0.0,0.0,3.0906664904239305,0.04548869899336863,0.6730769230769231,0.0,0.0,0.0,0.0,0.0,0.0,0.0,0.0,0,52,EQUAL,1
RiskParityStrategy,,,,6.31687162894983e-17,1.59554358708475e-17,0.0,0.0,2.946457998864332,0.05929797896994996,0.0,0.0,0.0,0.0,0.0,0.0,0.0,0.0,0.0,0,70,RiskParity,1
LWMVPStrategy,,,,0.06478791009249013,0.03863680562100682,0.3,0.08571428571428572,1.186025664944455,0.442441473026195,0.0,0.0,0.3,0.0,0.0,0.0,0.0,0.0,0.0,0,70,MVP,1
Momentum6mStrategy,,,,4.876124150257732e-17,1.3938321001266125e-17,0.0,0.22857142857142856,2.4880975067950533,0.0856115588010045,0.0,0.0,0.0,0.0,0.0,0.0,0.0,0.0,0.0,0,70,MOM6,1
SharpeWeightedStrategy,,,,7.289703685830102e-17,1.904740638601387e-17,0.0,0.24285714285714285,2.523501433503846,0.09349253903746862,0.0,0.0,0.0,0.0,0.0,0.0,0.0,0.0,0.0,0,70,SHARPE,1
CodedPersonaStrategy,,,,0.0034505590302224853,0.0017658798820684024,0.057692307692307696,0.21153846153846154,1.9917797691452808,0.3282219986706568,0.0,0.0,0.057692307692307696,0.0,0.0,0.0,0.0,0.0,0.0,0,52,CODED_P1,1
CodedPersonaStrategy,,,,0.0008138333176153934,0.0004164924785655003,0.11538461538461539,0.0,1.8944019947866104,0.36636939770876215,0.0,0.0,0.11538461538461539,0.0,0.0,0.0,0.0,0.0,0.0,0,52,CODED_P2,1
CodedPersonaStrategy,,,,0.0016822276615369365,0.0008609074525455917,0.019230769230769232,0.3076923076923077,2.0407492535672365,0.3092258999410756,0.0,0.0,0.019230769230769232,0.0,0.0,0.0,0.0,0.0,0.0,0,52,CODED_P3,1
CodedPersonaStrategy,,,,1.1796119636642288e-16,2.5302493859865028e-17,0.0,0.0,3.0906664904239305,0.04548869899336863,0.6730769230769231,0.0,0.0,0.0,0.0,0.0,0.0,0.0,0.0,0,52,CODED_P4,1
CodedPersonaStrategy,,,,8.900939135620301e-17,2.2845396806885575e-17,0.0,0.24285714285714285,2.4110856265929805,0.11597568729033621,0.0,0.0,0.0,0.0,0.0,0.0,0.0,0.0,0.0,0,70,CODED_P5,1
LLMStrategy,1.0,0.0,0.0,0.011083874273499208,0.005672353500843059,0.15714285714285714,0.2,2.0392690183559727,0.3155015806663005,0.0,0.0,0.15714285714285714,0.0,1.6666666666666667,0.0,0.0,0.0,17.4303685948285,18,70,NLPI[llama3.1:8b|P1],1
LLMStrategy,1.0,0.0,0.0,0.000913442201966057,0.00046746895032252794,0.34285714285714286,0.0,1.8934810755239864,0.3666907362571213,0.0,0.0,0.34285714285714286,0.0,0.0,0.0,0.0,0.0,18.072535620277954,18,70,NLPI[llama3.1:8b|P2],1
LLMStrategy,1.0,0.0,0.0,0.00188074417910177,0.0009625015193491479,0.35714285714285715,0.0,1.896223080787485,0.3657745397821844,0.0,0.0,0.35714285714285715,0.0,0.0,0.0,0.0,0.0,18.318310388889383,18,70,NLPI[llama3.1:8b|P3],1
LLMStrategy,1.0,0.0,0.0,8.762831730077128e-17,1.8796138295899733e-17,0.0,0.0,3.090763166607058,0.045479916654814094,0.7571428571428571,0.0,0.0,0.0,0.0,0.0,0.0,1.0,20.321839805556618,18,70,NLPI[llama3.1:8b|P4],1
LLMStrategy,1.0,0.0,0.0,8.762831730077128e-17,1.8796138295899733e-17,0.0,0.0,3.090763166607058,0.045479916654814094,0.7571428571428571,0.0,0.0,0.0,0.0,0.0,0.0,0.0,18.693134321609655,18,70,NLPI[llama3.1:8b|P5],1
LLMStrategy,1.0,0.0,0.0,0.0028704676581118678,0.0014690086577829249,0.44285714285714284,0.0,1.89204076948766,0.3671773855158067,0.0,0.0,0.44285714285714284,0.0,0.0,0.0,0.0,0.0,1.9882784052234557,18,70,NLPI[gemma3:270m|P1],1
LLMStrategy,1.0,0.0,0.0,0.000913442201966057,0.00046746895032252794,0.34285714285714286,0.0,1.8934810755239864,0.3666907362571213,0.0,0.0,0.34285714285714286,0.0,0.0,0.0,0.0,0.0,1.942397014055233,18,70,NLPI[gemma3:270m|P2],1
LLMStrategy,1.0,0.0,0.0,1.4579111727387938e-16,7.159842030383984e-17,0.0,0.0,1.7989201839447173,0.29127879807770835,0.0,0.0,0.0,0.0,0.0,0.0,0.0,0.0,1.9541379027763872,18,70,NLPI[gemma3:270m|P3],1
LLMStrategy,1.0,0.0,0.0,8.762831730077128e-17,1.8796138295899733e-17,0.0,0.0,3.090763166607058,0.045479916654814094,0.7571428571428571,0.0,0.0,0.0,0.0,0.0,0.0,1.0,2.1074067614940253,18,70,NLPI[gemma3:270m|P4],1
LLMStrategy,1.0,0.0,0.0,8.762831730077128e-17,1.8796138295899733e-17,0.0,0.0,3.090763166607058,0.045479916654814094,0.7571428571428571,0.0,0.0,0.0,0.0,0.0,0.0,0.0,2.1196985300565654,18,70,NLPI[gemma3:270m|P5],1
LLMStrategy,1.0,0.0,0.0,0.0028704676581118678,0.0014690086577829249,0.44285714285714284,0.0,1.89204076948766,0.3671773855158067,0.0,0.0,0.44285714285714284,0.0,0.0,0.0,0.0,0.0,4.99279122227583,18,70,NLPI[gemma3:1b|P1],1
LLMStrategy,1.0,0.0,0.0,0.000913442201966057,0.00046746895032252794,0.34285714285714286,0.0,1.8934810755239864,0.3666907362571213,0.0,0.0,0.34285714285714286,0.0,0.0,0.0,0.0,0.0,4.959314733774388,18,70,NLPI[gemma3:1b|P2],1
LLMStrategy,1.0,0.0,0.0,0.0016754404423199106,0.0008574339823728987,0.35714285714285715,0.0,1.895399746142635,0.3660497874913248,0.0,0.0,0.35714285714285715,0.0,0.0,0.0,0.0,0.0,4.988125372608516,18,70,NLPI[gemma3:1b|P3],1
LLMStrategy,1.0,0.0,0.0,8.762831730077128e-17,1.8796138295899733e-17,0.0,0.0,3.090763166607058,0.045479916654814094,0.7571428571428571,0.0,0.0,0.0,0.0,0.0,0.0,1.0,5.24541111572277,18,70,NLPI[gemma3:1b|P4],1
LLMStrategy,1.0,0.0,0.0,8.762831730077128e-17,1.8796138295899733e-17,0.0,0.0,3.090763166607058,0.045479916654814094,0.7571428571428571,0.0,0.0,0.0,0.0,0.0,0.0,0.0,5.321624791726612,18,70,NLPI[gemma3:1b|P5],1
EqStrategy,,,,1.2836953722228372e-16,2.7582574996579047e-17,0.0,0.0,3.0907922453369334,0.045477198925270794,0.6730769230769231,0.0,0.0,0.0,0.0,0.0,0.0,0.0,0.0,0,52,EQUAL,2
RiskParityStrategy,,,,6.70098897005898e-17,1.6399538854338418e-17,0.0,0.0,2.955581925591766,0.05856007918158582,0.0,0.0,0.0,0.0,0.0,0.0,0.0,0.0,0.0,0,70,RiskParity,2
LWMVPStrategy,,,,0.06868882530850909,0.05316265337350159,0.3,0.14285714285714285,1.3246417796279246,0.41482974262645766,0.0,0.0,0.3,0.0,0.0,0.0,0.0,0.0,0.0,0,70,MVP,2
Momentum6mStrategy,,,,5.838600093675877e-17,1.589556294496501e-17,0.0,0.22857142857142856,2.4714408906458947,0.0864642073623128,0.0,0.0,0.0,0.0,0.0,0.0,0.0,0.0,0.0,0,70,MOM6,2
SharpeWeightedStrategy,,,,7.621476614498918e-17,1.910660583595478e-17,0.0,0.24285714285714285,2.503133438905187,0.1011016513438186,0.0,0.0,0.0,0.0,0.0,0.0,0.0,0.0,0.0,0,70,SHARPE,2
CodedPersonaStrategy,,,,0.0005048507205171067,0.00025836559322718145,0.038461538461538464,0.3076923076923077,1.9970199520196457,0.3233941752730874,0.0,0.0,0.038461538461538464,0.0,0.0,0.0,0.0,0.0,0.0,0,52,CODED_P1,2
CodedPersonaStrategy,,,,0.001308618366926628,0.0006697068003244333,0.11538461538461539,0.0,1.8943369388021347,0.3664068836359434,0.0,0.0,0.11538461538461539,0.0,0.0,0.0,0.0,0.0,0.0,0,52,CODED_P2,2
CodedPersonaStrategy,,,,0.0005906393446344267,0.00030226932132231704,0.019230769230769232,0.3269230769230769,2.0845616244873644,0.2953849284786185,0.0,0.0,0.019230769230769232,0.0,0.0,0.0,0.0,0.0,0.0,0,52,CODED_P3,2
CodedPersonaStrategy,,,,1.2836953722228372e-16,2.7582574996579047e-17,0.0,0.0,3.0907922453369334,0.045477198925270794,0.6730769230769231,0.0,0.0,0.0,0.0,0.0,0.0,0.0,0.0,0,52,CODED_P4,2
CodedPersonaStrategy,,,,0.02547601274630111,0.013037765182388833,0.04285714285714286,0.24285714285714285,2.405338575545544,0.13869761339297693,0.0,0.0,0.04285714285714286,0.0,0.0,0.0,0.0,0.0,0.0,0,70,CODED_P5,2
LLMStrategy,1.0,0.0,0.0,0.005708929578212549,0.0029216378569419596,0.2571428571428571,0.2,1.9678910441576964,0.3264855249998718,0.0,0.0,0.2571428571428571,0.0,0.8333333333333334,0.0,0.0,0.0,18.085849175834383,18,70,NLPI[llama3.1:8b|P1],2
LLMStrategy,1.0,0.0,0.0,0.01770852535710058,0.009062626778822639,0.34285714285714286,0.0,1.860225310326349,0.36767688178017954,0.0,0.0,0.34285714285714286,0.0,2.5555555555555554,0.0,0.0,0.0,16.844936002391883,18,70,NLPI[llama3.1:8b|P2],2
LLMStrategy,1.0,0.0,0.0,0.0016140787386943987,0.0008260311293822422,0.32857142857142857,0.0,1.9006194475197222,0.3643257611753639,0.0,0.0,0.32857142857142857,0.0,0.0,0.0,0.0,0.0,18.435605018559727,18,70,NLPI[llama3.1:8b|P3],2
LLMStrategy,1.0,0.0,0.0,9.536022765083933e-17,2.048991285460158e-17,0.0,0.0,3.0908565845424305,0.04547137374708427,0.7571428571428571,0.0,0.0,0.0,0.0,0.0,0.0,1.0,20.077133965109372,18,70,NLPI[llama3.1:8b|P4],2
LLMStrategy,1.0,0.0,0.0,9.536022765083933e-17,2.048991285460158e-17,0.0,0.0,3.0908565845424305,0.04547137374708427,0.7571428571428571,0.0,0.0,0.0,0.0,0.0,0.0,0.0,18.65852537489425,18,70,NLPI[llama3.1:8b|P5],2
LLMStrategy,1.0,0.0,0.0,0.003759510741530436,0.0019239909610996476,0.38571428571428573,0.0,1.8937017686228903,0.3666308040705438,0.0,0.0,0.38571428571428573,0.0,0.0,0.0,0.0,0.0,1.9961553587749625,18,70,NLPI[gemma3:270m|P1],2
LLMStrategy,1.0,0.0,0.0,0.0012809968100258315,0.0006555710179148782,0.34285714285714286,0.0,1.8934327482212332,0.36671858294588455,0.0,0.0,0.34285714285714286,0.0,0.0,0.0,0.0,0.0,1.9376646226672973,18,70,NLPI[gemma3:270m|P2],2
LLMStrategy,1.0,0.0,0.0,0.002308786809091033,0.001181559319069507,0.32857142857142857,0.0,1.894626366001719,0.3663198746359328,0.0,0.0,0.32857142857142857,0.0,0.0,0.0,0.0,0.0,1.969372761500482,18,70,NLPI[gemma3:270m|P3],2
LLMStrategy,1.0,0.0,0.0,9.536022765083933e-17,2.048991285460158e-17,0.0,0.0,3.0908565845424305,0.04547137374708427,0.7571428571428571,0.0,0.0,0.0,0.0,0.0,0.0,1.0,2.127190154999779,18,70,NLPI[gemma3:270m|P4],2
LLMStrategy,1.0,0.0,0.0,9.536022765083933e-17,2.048991285460158e-17,0.0,0.0,3.0908565845424305,0.04547137374708427,0.7571428571428571,0.0,0.0,0.0,0.0,0.0,0.0,0.0,2.131369891223989,18,70,NLPI[gemma3:270m|P5],2
LLMStrategy,1.0,0.0,0.0,1.6127971973795801e-16,7.504982500420446e-17,0.0,0.0,1.795980901217253,0.29188238454481685,0.0,0.0,0.0,0.0,0.0,0.0,0.0,0.0,4.969226685163449,18,70,NLPI[gemma3:1b|P1],2
LLMStrategy,1.0,0.0,0.0,0.0012809968100258315,0.0006555710179148782,0.34285714285714286,0.0,1.8934327482212332,0.36671858294588455,0.0,0.0,0.34285714285714286,0.0,0.0,0.0,0.0,0.0,4.8541512059988845,18,70,NLPI[gemma3:1b|P2],2
LLMStrategy,1.0,0.0,0.0,1.7160017160062896e-05,8.781918759670571e-06,0.014285714285714285,0.014285714285714285,1.8051268218875065,0.2942393455296316,0.0,0.0,0.014285714285714285,0.0,0.0,0.0,0.0,0.0,4.883105928333761,18,70,NLPI[gemma3:1b|P3],2
LLMStrategy,1.0,0.0,0.0,9.536022765083933e-17,2.048991285460158e-17,0.0,0.0,3.0908565845424305,0.04547137374708427,0.7571428571428571,0.0,0.0,0.0,0.0,0.0,0.0,1.0,5.138501712830879,18,70,NLPI[gemma3:1b|P4],2
LLMStrategy,1.0,0.0,0.0,9.536022765083933e-17,2.048991285460158e-17,0.0,0.0,3.0908565845424305,0.04547137374708427,0.7571428571428571,0.0,0.0,0.0,0.0,0.0,0.0,0.0,5.1916522893346455,18,70,NLPI[gemma3:1b|P5],2
EqStrategy,,,,1.1622647289044608e-16,2.5085530572574623e-17,0.0,0.0,3.090799488744245,0.04547664633949589,0.6730769230769231,0.0,0.0,0.0,0.0,0.0,0.0,0.0,0.0,0,52,EQUAL,3
RiskParityStrategy,,,,8.574490324113933e-17,2.014967043761968e-17,0.0,0.0,2.964412952564253,0.05733117960138764,0.0,0.0,0.0,0.0,0.0,0.0,0.0,0.0,0.0,0,70,RiskParity,3
LWMVPStrategy,,,,0.09563739413283685,0.06513729819648402,0.3142857142857143,0.12857142857142856,1.4662228940398259,0.40340656745006215,0.0,0.0,0.3142857142857143,0.0,0.0,0.0,0.0,0.0,0.0,0,70,MVP,3
Momentum6mStrategy,,,,4.8769779016000765e-17,1.391077341082065e-17,0.0,0.18571428571428572,2.467916341149248,0.08660371223964829,0.0,0.0,0.0,0.0,0.0,0.0,0.0,0.0,0.0,0,70,MOM6,3
SharpeWeightedStrategy,,,,0.004674645544782534,0.0023923261277463133,0.02857142857142857,0.24285714285714285,2.4251510608766482,0.13454540422492045,0.0,0.0,0.02857142857142857,0.0,0.0,0.0,0.0,0.0,0.0,0,70,SHARPE,3
CodedPersonaStrategy,,,,2.5769212541413895e-05,1.3187814961279373e-05,0.019230769230769232,0.3076923076923077,2.056534096268421,0.30348832516788565,0.0,0.0,0.019230769230769232,0.0,0.0,0.0,0.0,0.0,0.0,0,52,CODED_P1,3
CodedPersonaStrategy,,,,0.0007205839864843633,0.0003687706119292976,0.09615384615384616,0.0,1.894588983329371,0.36632289289736525,0.0,0.0,0.09615384615384616,0.0,0.0,0.0,0.0,0.0,0.0,0,52,CODED_P2,3
CodedPersonaStrategy,,,,0.0009329015915901322,0.0004774276104565978,0.019230769230769232,0.3269230769230769,2.0623088053717558,0.3020184070744261,0.0,0.0,0.019230769230769232,0.0,0.0,0.0,0.0,0.0,0.0,0,52,CODED_P3,3
CodedPersonaStrategy,,,,1.1622647289044608e-16,2.5085530572574623e-17,0.0,0.0,3.090799488744245,0.04547664633949589,0.6730769230769231,0.0,0.0,0.0,0.0,0.0,0.0,0.0,0.0,0,52,CODED_P4,3
CodedPersonaStrategy,,,,0.0016511155029469567,0.000844985297769928,0.014285714285714285,0.24285714285714285,2.3906621201281295,0.1315814642727855,0.0,0.0,0.014285714285714285,0.0,0.0,0.0,0.0,0.0,0.0,0,70,CODED_P5,3
LLMStrategy,1.0,0.0,0.0,0.10336074316825429,0.052896546721211704,0.3142857142857143,0.014285714285714285,1.8642673408129988,0.3670714791379705,0.0,0.0,0.3142857142857143,0.0,11.38888888888889,0.0,0.0,0.0,13.709872058049465,18,70,NLPI[llama3.1:8b|P1],3
LLMStrategy,1.0,0.0,0.0,0.023653807047474135,0.012105221685417684,0.37142857142857144,0.014285714285714285,1.8592601421093575,0.36795329648692676,0.0,0.0,0.37142857142857144,0.0,3.3333333333333335,0.0,0.0,0.0,16.460879911945085,18,70,NLPI[llama3.1:8b|P2],3
LLMStrategy,1.0,0.0,0.0,0.1708564614256682,0.08743858178062688,0.37142857142857144,0.0,1.8817517397698553,0.36643142629096975,0.0,0.0,0.37142857142857144,0.0,17.77777777777778,0.0,0.0,0.0,9.922913576387348,18,70,NLPI[llama3.1:8b|P3],3
LLMStrategy,1.0,0.0,0.0,8.633966557575994e-17,1.8634965568198292e-17,0.0,0.0,3.0908619653592915,0.04547096325479435,0.7571428571428571,0.0,0.0,0.0,0.0,0.0,0.0,1.0,20.047099055609173,18,70,NLPI[llama3.1:8b|P4],3
LLMStrategy,1.0,0.0,0.0,8.633966557575994e-17,1.8634965568198292e-17,0.0,0.0,3.0908619653592915,0.04547096325479435,0.7571428571428571,0.0,0.0,0.0,0.0,0.0,0.0,0.0,18.686061273167272,18,70,NLPI[llama3.1:8b|P5],3
LLMStrategy,1.0,0.0,0.0,1.4400683027001752e-16,7.036866353774787e-17,0.0,0.0,1.797988214222001,0.29153577215019305,0.0,0.0,0.0,0.0,0.0,0.0,0.0,0.0,1.9716426203344275,18,70,NLPI[gemma3:270m|P1],3
LLMStrategy,1.0,0.0,0.0,0.0008441712702687204,0.0004320184208213486,0.32857142857142857,0.0,1.8936199812986092,0.366656189825798,0.0,0.0,0.32857142857142857,0.0,0.0,0.0,0.0,0.0,1.9428977036053159,18,70,NLPI[gemma3:270m|P2],3
LLMStrategy,1.0,0.0,0.0,5.501551595240731e-17,1.2301843348680684e-17,0.0,0.0,1.7989697488577516,0.2912462476958024,0.0,0.0,0.0,0.0,0.0,0.0,0.0,0.0,1.95838541439217,18,70,NLPI[gemma3:270m|P3],3
LLMStrategy,1.0,0.0,0.0,8.633966557575994e-17,1.8634965568198292e-17,0.0,0.0,3.0908619653592915,0.04547096325479435,0.7571428571428571,0.0,0.0,0.0,0.0,0.0,0.0,1.0,2.0847306459375736,18,70,NLPI[gemma3:270m|P4],3
LLMStrategy,1.0,0.0,0.0,8.633966557575994e-17,1.8634965568198292e-17,0.0,0.0,3.0908619653592915,0.04547096325479435,0.7571428571428571,0.0,0.0,0.0,0.0,0.0,0.0,0.0,2.109331958270761,18,70,NLPI[gemma3:270m|P5],3
LLMStrategy,1.0,0.0,0.0,1.4400683027001752e-16,7.036866353774787e-17,0.0,0.0,1.797988214222001,0.29153577215019305,0.0,0.0,0.0,0.0,0.0,0.0,0.0,0.0,4.913338669111706,18,70,NLPI[gemma3:1b|P1],3
LLMStrategy,1.0,0.0,0.0,0.0008441712702687204,0.0004320184208213486,0.32857142857142857,0.0,1.8936199812986092,0.366656189825798,0.0,0.0,0.32857142857142857,0.0,0.0,0.0,0.0,0.0,4.859293555611253,18,70,NLPI[gemma3:1b|P2],3
LLMStrategy,1.0,0.0,0.0,8.580008580014848e-05,4.3909593798310275e-05,0.07142857142857142,0.11428571428571428,1.8782892465407157,0.26374168157113276,0.0,0.0,0.07142857142857142,0.0,0.0,0.0,0.0,0.0,4.892167233836113,18,70,NLPI[gemma3:1b|P3],3
LLMStrategy,1.0,0.0,0.0,8.633966557575994e-17,1.8634965568198292e-17,0.0,0.0,3.0908619653592915,0.04547096325479435,0.7571428571428571,0.0,0.0,0.0,0.0,0.0,0.0,1.0,5.17964491877582,18,70,NLPI[gemma3:1b|P4],3
LLMStrategy,1.0,0.0,0.0,8.633966557575994e-17,1.8634965568198292e-17,0.0,0.0,3.0908619653592915,0.04547096325479435,0.7571428571428571,0.0,0.0,0.0,0.0,0.0,0.0,0.0,5.2369481387771275,18,70,NLPI[gemma3:1b|P5],3
EqStrategy,,,,1.2903673855919789e-16,2.775606751348211e-17,0.0,0.0,3.0905476159252276,0.04550024342737873,0.6730769230769231,0.0,0.0,0.0,0.0,0.0,0.0,0.0,0.0,0,52,EQUAL,4
RiskParityStrategy,,,,6.32678433452684e-17,1.5569027734362e-17,0.0,0.0,2.952858004976522,0.05886908313264772,0.0,0.0,0.0,0.0,0.0,0.0,0.0,0.0,0.0,0,70,RiskParity,4
LWMVPStrategy,,,,0.14147523609923982,0.0842722376933854,0.34285714285714286,0.11428571428571428,1.7197603575460707,0.3815555055745606,0.0,0.0,0.34285714285714286,0.0,0.0,0.0,0.0,0.0,0.0,0,70,MVP,4
Momentum6mStrategy,,,,4.3770790563489723e-17,1.1958266844075785e-17,0.0,0.21428571428571427,2.4653777203410874,0.08710687340950722,0.0,0.0,0.0,0.0,0.0,0.0,0.0,0.0,0.0,0,70,MOM6,4
SharpeWeightedStrategy,,,,0.0045559156983864205,0.0023315641916902777,0.014285714285714285,0.24285714285714285,2.298467183366642,0.1486817718138477,0.0,0.0,0.014285714285714285,0.0,0.0,0.0,0.0,0.0,0.0,0,70,SHARPE,4
CodedPersonaStrategy,,,,0.0007449132764113578,0.000381221522999302,0.057692307692307696,0.23076923076923078,1.9571557067982446,0.3378392785577027,0.0,0.0,0.057692307692307696,0.0,0.0,0.0,0.0,0.0,0.0,0,52,CODED_P1,4
CodedPersonaStrategy,,,,0.0025207954688141634,0.0012900582097565417,0.15384615384615385,0.0,1.8953263029043315,0.3660481698260941,0.0,0.0,0.15384615384615385,0.0,0.0,0.0,0.0,0.0,0.0,0,52,CODED_P2,4
CodedPersonaStrategy,,,,0.0010281832589223334,0.0005261895583027681,0.038461538461538464,0.3076923076923077,2.016794029535026,0.31707580672688734,0.0,0.0,0.038461538461538464,0.0,0.0,0.0,0.0,0.0,0.0,0,52,CODED_P3,4
CodedPersonaStrategy,,,,1.2903673855919789e-16,2.775606751348211e-17,0.0,0.0,3.0905476159252276,0.04550024342737873,0.6730769230769231,0.0,0.0,0.0,0.0,0.0,0.0,0.0,0.0,0,52,CODED_P4,4
CodedPersonaStrategy,,,,0.00537530762700191,0.0027509013801278437,0.014285714285714285,0.24285714285714285,2.389433926533456,0.13414136182948747,0.0,0.0,0.014285714285714285,0.0,0.0,0.0,0.0,0.0,0.0,0,70,CODED_P5,4
LLMStrategy,1.0,0.0,0.0,0.001470159189748222,0.0007523779520581011,0.2571428571428571,0.22857142857142856,2.020889576363081,0.32076168983719205,0.04285714285714286,0.0,0.2571428571428571,0.0,0.16666666666666666,0.0,0.0,0.0,17.98373887044727,18,70,NLPI[llama3.1:8b|P1],4
LLMStrategy,1.0,0.0,0.0,0.033042444751146115,0.016910010212647875,0.37142857142857144,0.02857142857142857,1.8532878833789506,0.3677819217634051,0.0,0.0,0.37142857142857144,0.0,4.277777777777778,0.0,0.0,0.0,15.977448483722078,18,70,NLPI[llama3.1:8b|P2],4
LLMStrategy,1.0,0.0,0.0,0.009078752055548167,0.004646199490795601,0.38571428571428573,0.05714285714285714,1.8971389555651517,0.3621362252919816,0.0,0.0,0.38571428571428573,0.0,0.5,0.0,0.0,0.0,18.258684018387513,18,70,NLPI[llama3.1:8b|P3],4
LLMStrategy,1.0,0.0,0.0,9.585586292968986e-17,2.0618793010015284e-17,0.0,0.0,3.090674859836592,0.045488492520078735,0.7571428571428571,0.0,0.0,0.0,0.0,0.0,0.0,1.0,19.791032113332122,18,70,NLPI[llama3.1:8b|P4],4
LLMStrategy,1.0,0.0,0.0,9.585586292968986e-17,2.0618793010015284e-17,0.0,0.0,3.090674859836592,0.045488492520078735,0.7571428571428571,0.0,0.0,0.0,0.0,0.0,0.0,0.0,18.992195087997565,18,70,NLPI[llama3.1:8b|P5],4
LLMStrategy,1.0,0.0,0.0,0.004976754061920628,0.0025469350905094716,0.32857142857142857,0.04285714285714286,1.8919748201241608,0.35740902446897305,0.0,0.0,0.32857142857142857,0.0,0.0,0.0,0.0,0.0,2.007621676057978,18,70,NLPI[gemma3:270m|P1],4
LLMStrategy,1.0,0.0,0.0,0.0021814712285708575,0.0011164034934930155,0.37142857142857144,0.0,1.8941677044114364,0.36645210982999654,0.0,0.0,0.37142857142857144,0.0,0.0,0.0,0.0,0.0,1.95306830560892,18,70,NLPI[gemma3:270m|P2],4
LLMStrategy,1.0,0.0,0.0,1.4561764492628168e-16,7.012862338375094e-17,0.0,0.0,1.7991551921051203,0.29130948497337084,0.0,0.0,0.0,0.0,0.0,0.0,0.0,0.0,2.001590502275374,18,70,NLPI[gemma3:270m|P3],4
LLMStrategy,1.0,0.0,0.0,9.585586292968986e-17,2.0618793010015284e-17,0.0,0.0,3.090674859836592,0.045488492520078735,0.7571428571428571,0.0,0.0,0.0,0.0,0.0,0.0,1.0,2.132214391225716,18,70,NLPI[gemma3:270m|P4],4
LLMStrategy,1.0,0.0,0.0,9.585586292968986e-17,2.0618793010015284e-17,0.0,0.0,3.090674859836592,0.045488492520078735,0.7571428571428571,0.0,0.0,0.0,0.0,0.0,0.0,0.0,2.1442492985548194,18,70,NLPI[gemma3:270m|P5],4
LLMStrategy,1.0,0.0,0.0,5.057958020669519e-17,1.1990507047226786e-17,0.0,0.0,1.797898615541618,0.2916575708642432,0.0,0.0,0.0,0.0,0.0,0.0,0.0,0.0,4.969291858835883,18,70,NLPI[gemma3:1b|P1],4
LLMStrategy,1.0,0.0,0.0,0.0021814712285708575,0.0011164034934930155,0.37142857142857144,0.0,1.8941677044114364,0.36645210982999654,0.0,0.0,0.37142857142857144,0.0,0.0,0.0,0.0,0.0,4.915533784718718,18,70,NLPI[gemma3:1b|P2],4
LLMStrategy,1.0,0.0,0.0,9.554609088040828e-17,2.2459245598397625e-17,0.0,0.0,1.8587774984054688,0.23272617126890474,0.0,0.0,0.0,0.0,0.0,0.0,0.0,0.0,4.872096395826601,18,70,NLPI[gemma3:1b|P3],4
LLMStrategy,1.0,0.0,0.0,9.585586292968986e-17,2.0618793010015284e-17,0.0,0.0,3.090674859836592,0.045488492520078735,0.7571428571428571,0.0,0.0,0.0,0.0,0.0,0.0,1.0,5.180452155057639,18,70,NLPI[gemma3:1b|P4],4
LLMStrategy,1.0,0.0,0.0,9.585586292968986e-17,2.0618793010015284e-17,0.0,0.0,3.090674859836592,0.045488492520078735,0.7571428571428571,0.0,0.0,0.0,0.0,0.0,0.0,0.0,5.2310327314448335,18,70,NLPI[gemma3:1b|P5],4
EqStrategy,,,,1.2436632920079879e-16,2.6591780884988532e-17,0.0,0.0,3.090743222196895,0.04548198418005441,0.6730769230769231,0.0,0.0,0.0,0.0,0.0,0.0,0.0,0.0,0,52,EQUAL,5
RiskParityStrategy,,,,6.368913333229135e-17,1.654209008730861e-17,0.0,0.0,2.9883433709352145,0.05556586047070566,0.0,0.0,0.0,0.0,0.0,0.0,0.0,0.0,0.0,0,70,RiskParity,5
LWMVPStrategy,,,,0.1386865205334019,0.09952363499895574,0.32857142857142857,0.18571428571428572,1.6924254164312027,0.37903343476220563,0.0,0.0,0.32857142857142857,0.0,0.0,0.0,0.0,0.0,0.0,0,70,MVP,5
Momentum6mStrategy,,,,4.3682333196616165e-17,1.2197623353874713e-17,0.0,0.24285714285714285,2.4728680454372367,0.08641525278864443,0.0,0.0,0.0,0.0,0.0,0.0,0.0,0.0,0.0,0,70,MOM6,5
SharpeWeightedStrategy,,,,0.007661822795926955,0.003921062823964584,0.04285714285714286,0.24285714285714285,2.1462940727377515,0.23206195603781882,0.0,0.0,0.04285714285714286,0.0,0.0,0.0,0.0,0.0,0.0,0,70,SHARPE,5
CodedPersonaStrategy,,,,0.0008592488499583494,0.0004397346182290846,0.038461538461538464,0.23076923076923078,1.9831725347677867,0.3299233683550362,0.0,0.0,0.038461538461538464,0.0,0.0,0.0,0.0,0.0,0.0,0,52,CODED_P1,5
CodedPersonaStrategy,,,,0.0010009011346578704,0.0005122274860829489,0.11538461538461539,0.0,1.8958029095191749,0.3659102242607647,0.0,0.0,0.11538461538461539,0.0,0.0,0.0,0.0,0.0,0.0,0,52,CODED_P2,5
CodedPersonaStrategy,,,,9.3741787836439e-17,2.0904739668620964e-17,0.0,0.3269230769230769,2.077747002965018,0.29817359188754056,0.0,0.0,0.0,0.0,0.0,0.0,0.0,0.0,0.0,0,52,CODED_P3,5
CodedPersonaStrategy,,,,1.2436632920079879e-16,2.6591780884988532e-17,0.0,0.0,3.090743222196895,0.04548198418005441,0.6730769230769231,0.0,0.0,0.0,0.0,0.0,0.0,0.0,0.0,0,52,CODED_P4,5
CodedPersonaStrategy,,,,0.01641472425115253,0.00840050295355824,0.05714285714285714,0.24285714285714285,2.162057402140836,0.2120373292118131,0.0,0.0,0.05714285714285714,0.0,0.0,0.0,0.0,0.0,0.0,0,70,CODED_P5,5
LLMStrategy,1.0,0.0,0.0,0.020912219315917052,0.01070216943281789,0.2857142857142857,0.17142857142857143,1.9557137473287665,0.3341636392242392,0.0,0.0,0.2857142857142857,0.0,2.6666666666666665,0.0,0.0,0.0,19.717565367940956,18,70,NLPI[llama3.1:8b|P1],5
LLMStrategy,1.0,0.0,0.0,0.017611838270771767,0.009013145584874519,0.34285714285714286,0.0,1.8783433921981352,0.3669399690525779,0.0,0.0,0.34285714285714286,0.0,2.111111111111111,0.0,0.0,0.0,17.00147930310858,18,70,NLPI[llama3.1:8b|P2],5
LLMStrategy,1.0,0.0,0.0,0.06444314474970063,0.032979830761910744,0.18571428571428572,0.17142857142857143,1.94065762412458,0.3438391952770684,0.0,0.0,0.18571428571428572,0.0,6.666666666666667,0.0,0.0,0.0,16.9798648032819,18,70,NLPI[llama3.1:8b|P3],5
LLMStrategy,1.0,0.0,0.0,9.238641597773625e-17,1.9753894371705765e-17,0.0,0.0,3.0908201673526885,0.04547492850778068,0.7571428571428571,0.0,0.0,0.0,0.0,0.0,0.0,1.0,19.9405801945007,18,70,NLPI[llama3.1:8b|P4],5
LLMStrategy,1.0,0.0,0.0,9.238641597773625e-17,1.9753894371705765e-17,0.0,0.0,3.0908201673526885,0.04547492850778068,0.7571428571428571,0.0,0.0,0.0,0.0,0.0,0.0,0.0,19.02761379872229,18,70,NLPI[llama3.1:8b|P5],5
LLMStrategy,1.0,0.0,0.0,0.005938349499959135,0.003039047245046799,0.4,0.0,1.89668529132391,0.36563857563909935,0.0,0.0,0.4,0.0,0.0,0.0,0.0,0.0,2.0057208588873943,18,70,NLPI[gemma3:270m|P1],5
LLMStrategy,1.0,0.0,0.0,0.0010524068660547547,0.0005385863844783468,0.34285714285714286,0.0,1.894521755039606,0.366349635981466,0.0,0.0,0.34285714285714286,0.0,0.0,0.0,0.0,0.0,1.9621840530518158,18,70,NLPI[gemma3:270m|P2],5
LLMStrategy,1.0,0.0,0.0,0.005938349499959135,0.003039047245046799,0.4,0.0,1.89668529132391,0.36563857563909935,0.0,0.0,0.4,0.0,0.0,0.0,0.0,0.0,2.006118016278682,18,70,NLPI[gemma3:270m|P3],5
LLMStrategy,1.0,0.0,0.0,9.238641597773625e-17,1.9753894371705765e-17,0.0,0.0,3.0908201673526885,0.04547492850778068,0.7571428571428571,0.0,0.0,0.0,0.0,0.0,0.0,1.0,2.169022757113756,18,70,NLPI[gemma3:270m|P4],5
LLMStrategy,1.0,0.0,0.0,9.238641597773625e-17,1.9753894371705765e-17,0.0,0.0,3.0908201673526885,0.04547492850778068,0.7571428571428571,0.0,0.0,0.0,0.0,0.0,0.0,0.0,2.149751745277576,18,70,NLPI[gemma3:270m|P5],5
LLMStrategy,1.0,0.0,0.0,6.170659221688928e-17,1.4732866685248504e-17,0.0,0.0,1.7969654725509305,0.29181376617867166,0.0,0.0,0.0,0.0,0.0,0.0,0.0,0.0,5.0172109375594625,18,70,NLPI[gemma3:1b|P1],5
LLMStrategy,1.0,0.0,0.0,0.0010524068660547547,0.0005385863844783468,0.34285714285714286,0.0,1.894521755039606,0.366349635981466,0.0,0.0,0.34285714285714286,0.0,0.0,0.0,0.0,0.0,4.944037134275681,18,70,NLPI[gemma3:1b|P2],5
LLMStrategy,1.0,0.0,0.0,0.001736185952303197,0.0008885214882135773,0.38571428571428573,0.0,1.8919715479037233,0.3672049485838439,0.0,0.0,0.38571428571428573,0.0,0.0,0.0,0.0,0.0,4.919613659721411,18,70,NLPI[gemma3:1b|P3],5
LLMStrategy,1.0,0.0,0.0,9.238641597773625e-17,1.9753894371705765e-17,0.0,0.0,3.0908201673526885,0.04547492850778068,0.7571428571428571,0.0,0.0,0.0,0.0,0.0,0.0,1.0,5.164541569383194,18,70,NLPI[gemma3:1b|P4],5
LLMStrategy,1.0,0.0,0.0,9.238641597773625e-17,1.9753894371705765e-17,0.0,0.0,3.0908201673526885,0.04547492850778068,0.7571428571428571,0.0,0.0,0.0,0.0,0.0,0.0,0.0,5.194181536995327,18,70,NLPI[gemma3:1b|P5],5
